0; 0; 0; 0; 0; 0; 0; 0; 0; 0; 0; 0; 0; 0; 0; 0; 0; 0; 0; 0; 0; 0; 0; 0; 0; 0; 0; 0; 0; 0; 0; 0; 0; 0; 0; 0; 0; 0; 0; 0; 0; 0; 0; 0; 0; 0; 0; 0; 0; 0; 0; 0; 0; 0; 0; 0; 0; 0; 0; 0; 0; 0; 0; 0; 0; 0; 0; 0; 0; 0; 0; 0; 0; 0; 0; 0; 0; 0; 0; 0; 0; 0; 0; 0; 0; 0; 0; 0; 0; 0; 0; 0; 0; 0; 0; 0; 0; 0; 0; 0
0; 0; 0; 0; 0; 0; 0; 0; 0; 0; 0; 0; 0; 0; 0; 0; 0; 0; 0; 0; 0; 0; 0; 0; 0; 0; 0; 0; 0; 0; 0; 0; 0; 0; 0; 0; 0; 0; 0; 0; 0; 0; 0; 0; 0; 0; 0; 0; 0; 0; 0; 0; 0; 0; 0; 0; 0; 0; 0; 0; 0; 0; 0; 0; 0; 0; 0; 0; 0; 0; 0; 0; 0; 0; 0; 0; 0; 0; 0; 0; 0; 0; 0; 0; 0; 0; 0; 0; 0; 0; 0; 0; 0; 0; 0; 0; 0; 0; 0; 0
0; 0; 0; 0; 0; 0; 0; 0; 0; 0; 0; 0; 0; 0; 0; 0; 0; 0; 0; 0; 0; 0; 0; 0; 0; 0; 0; 0; 0; 0; 0; 0; 0; 0; 0; 0; 0; 0; 0; 0; 0; 0; 0; 0; 0; 0; 0; 0; 0; 0; 0; 0; 0; 0; 0; 0; 0; 0; 0; 0; 0; 0; 0; 0; 0; 0; 0; 0; 0; 0; 0; 0; 0; 0; 0; 0; 0; 0; 0; 0; 0; 0; 0; 0; 0; 0; 0; 0; 0; 0; 0; 0; 0; 0; 0; 0; 0; 0; 0; 0
0; 0; 0; 0; 0; 0; 0; 0; 0; 0; 0; 0; 0; 0; 0; 0; 0; 0; 0; 0; 0; 0; 0; 0; 0; 0; 0; 0; 0; 0; 0; 0; 0; 0; 0; 0; 0; 0; 0; 0; 0; 0; 0; 0; 0; 0; 0; 0; 0; 0; 0; 0; 0; 0; 0; 0; 0; 0; 0; 0; 0; 0; 0; 0; 0; 0; 0; 0; 0; 0; 0; 0; 0; 0; 0; 0; 0; 0; 0; 0; 0; 0; 0; 0; 0; 0; 0; 0; 0; 0; 0; 0; 0; 0; 0; 0; 0; 0; 0; 0
0; 0; 0; 0; 0; 0; 0; 0; 0; 0; 0; 0; 0; 0; 0; 0; 0; 0; 0; 0; 0; 0; 0; 0; 0; 0; 0; 0; 0; 0; 0; 0; 0; 0; 0; 0; 0; 0; 0; 0; 0; 0; 0; 0; 0; 0; 0; 0; 0; 0; 0; 0; 0; 0; 0; 0; 0; 0; 0; 0; 0; 0; 0; 0; 0; 0; 0; 0; 0; 0; 0; 0; 0; 0; 0; 0; 0; 0; 0; 0; 0; 0; 0; 0; 0; 0; 0; 0; 0; 0; 0; 0; 0; 0; 0; 0; 0; 0; 0; 0
0; 0; 0; 0; 0; 0; 0; 0; 0; 0; 0; 0; 0; 0; 0; 0; 0; 0; 0; 0; 0; 0; 0; 0; 0; 0; 0; 0; 0; 0; 0; 0; 0; 0; 0; 0; 0; 0; 0; 0; 0; 0; 0; 0; 0; 0; 0; 0; 0; 0; 0; 0; 0; 0; 0; 0; 0; 0; 0; 0; 0; 0; 0; 0; 0; 0; 0; 0; 0; 0; 0; 0; 0; 0; 0; 0; 0; 0; 0; 0; 0; 0; 0; 0; 0; 0; 0; 0; 0; 0; 0; 0; 0; 0; 0; 0; 0; 0; 0; 0
0; 0; 0; 0; 0; 0; 0; 0; 0; 0; 0; 0; 0; 0; 0; 0; 0; 0; 0; 0; 0; 0; 0; 0; 0; 0; 0; 0; 0; 0; 0; 0; 0; 0; 0; 0; 0; 0; 0; 0; 0; 0; 0; 0; 0; 0; 0; 0; 0; 0; 0; 0; 0; 0; 0; 0; 0; 0; 0; 0; 0; 0; 0; 0; 0; 0; 0; 0; 0; 0; 0; 0; 0; 0; 0; 0; 0; 0; 0; 0; 0; 0; 0; 0; 0; 0; 0; 0; 0; 0; 0; 0; 0; 0; 0; 0; 0; 0; 0; 0
0; 0; 0; 0; 0; 0; 0; 0; 0; 0; 0; 0; 0; 0; 0; 0; 0; 0; 0; 0; 0; 0; 0; 0; 0; 0; 0; 0; 0; 0; 0; 0; 0; 0; 0; 0; 0; 0; 0; 0; 0; 0; 0; 0; 0; 0; 0; 0; 0; 0; 0; 0; 0; 0; 0; 0; 0; 0; 0; 0; 0; 0.0004855413904; 0.0009285063239; 0.001340035538; 0.001182669367; 0; 0; 0; 0.0002341871939; 0.0001209601276; 0; 0; 0; 0; 0; 0; 0; 0; 0; 0; 0; 0; 0; 0; 0; 0; 0; 0; 0; 0; 0; 0; 0; 0; 0; 0; 0; 0; 0; 0
0; 0; 0; 0; 0; 0; 0; 0; 0; 0; 0; 0; 0; 0; 0; 0; 0; 0; 0; 0; 0; 0; 2.665894711E-05; 0.0004555829014; 0; 0; 0; 6.081879225E-05; 0.002997433997; 0.0003734580168; 0.000391288772; 0; 0.002784903893; 0.002738985854; 0.0004216793678; 0.0006236439034; 0.0003682898026; 0.002916293508; 0.004413206904; 0.004192095004; 0.0008391249197; 0.004250872566; 0.003898862638; 0.000126229198; 0.002484509897; 0.003701555399; 0.002761504986; 0.002708369086; 0.003721045983; 0.002080637574; 0.005780808418; 0.01469521418; 0.003349878965; 0.007803297943; 0.007516706748; 0.01257948099; 0.009910666005; 0.006156833756; 0.01464940173; 0.01341078151; 0.0179205536; 0.01674965018; 0.03040367342; 0.01845422874; 0.02556245441; 0.04335295776; 0.03990052485; 0.04363173996; 0.040531912; 0.03196423729; 0.02623806228; 0.01795337277; 0.02660455827; 0.02576999117; 0.02058040726; 0.01497448039; 0.006789366042; 0.01207696299; 0.01071430205; 0.0091030119; 0.001497477405; 0.002819013805; 0.004074557076; 7.826460861E-05; 0; 0; 0; 0; 0; 0; 0; 0; 0; 0; 0; 0; 0; 0; 0; 0
0; 0; 0.04921480693; 0.01291906406; 0.01408164425; 0.003435437037; 0.005909803714; 0.0108107048; 0.01044823694; 0.01190341118; 0.002628055246; 0.004682107565; 0.002008447995; 0.01112906086; 0.003871261916; 0.008382428521; 0.009842471787; 0.01448917996; 0.01276256343; 0.008369593646; 0.01452110408; 0.01072326318; 0.007865054203; 0.02787420086; 0.02875939658; 0.01993590096; 0.01233522339; 0.02712387372; 0.03621719648; 0.01848413117; 0.02035121991; 0.02609436976; 0.03888192731; 0.02472942615; 0.044497709; 0.02730885109; 0.04604054066; 0.05841045022; 0.04973316981; 0.06219334574; 0.06540210725; 0.08051771488; 0.08322313366; 0.09682568006; 0.1059977724; 0.1053788492; 0.1150651007; 0.1615033833; 0.1559519744; 0.1194778663; 0.1541137286; 0.1921878103; 0.1918758229; 0.2254340806; 0.2329433909; 0.2641011354; 0.3212450452; 0.3487692953; 0.3953552527; 0.403427541; 0.4366949808; 0.483562574; 0.5935118171; 0.6346817257; 0.596649076; 0.7612896451; 0.8329550504; 0.9479156226; 1.046937514; 1.016042757; 1.052348245; 0.9168675675; 0.8710070723; 0.8372227863; 0.7692335688; 0.7133705348; 0.5271127502; 0.4645374191; 0.4394332483; 0.3322632663; 0.2426440504; 0.228856218; 0.1642754352; 0.1152018381; 0.07771428795; 0.03946429852; 0.05305026707; 0.02546626661; 0.01302277088; 0.007033698761; 0.001796851933; 0; 0; 0; 0; 0; 0; 0; 0; 0
0.06932887429; 0.2074560193; 0.1249522279; 0.07772208102; 0.1218712721; 0.106725067; 0.05497660011; 0.1017267363; 0.06205068406; 0.08730296134; 0.1120810897; 0.1017574196; 0.06564056498; 0.09802329024; 0.08192155654; 0.163263062; 0.1527419022; 0.126200742; 0.1606611413; 0.1750788358; 0.1602590858; 0.2275341726; 0.2070321799; 0.2130788323; 0.2687776046; 0.265568192; 0.2550951436; 0.2906326852; 0.304669404; 0.2994623707; 0.285962481; 0.3074386852; 0.350480646; 0.3467551668; 0.383062998; 0.3880568338; 0.4100190885; 0.4841964751; 0.55790024; 0.6598269095; 0.6850743869; 0.7292801366; 0.7930834828; 0.9382528864; 0.9146291327; 0.9479432429; 1.099224474; 1.237401062; 1.251422906; 1.32517309; 1.533335739; 1.636722718; 1.75622805; 2.063291502; 2.170716252; 2.326504863; 2.526495938; 2.943312003; 3.096791305; 3.365024295; 3.65561409; 4.094878322; 4.485426011; 4.931843417; 5.189130948; 5.888731326; 6.538686422; 7.408454207; 8.332174805; 9.228443422; 9.487234787; 9.370014998; 9.565521109; 9.481536183; 8.690488072; 7.787771756; 6.915428759; 6.382718602; 5.593220318; 4.8592979; 3.963162332; 3.435193605; 2.896512506; 2.429506458; 1.793300029; 1.421428162; 1.099177445; 0.7352005813; 0.4633409649; 0.276498162; 0.1684964888; 0.1137659217; 0.04233490985; 0.032697529; 0.02902699146; 0.01229120579; 0.005768974437; 0.008791061073; 0.002852904077; 0
0.8783013979; 0.6415377456; 0.4971552204; 0.4314415738; 0.6008439402; 0.6127270095; 0.4644128413; 0.5898337029; 0.5476925175; 0.6711591493; 0.6175191325; 0.6185283418; 0.6625846182; 0.7386204989; 0.8155039684; 0.9636078268; 1.021299645; 1.028314853; 1.185389351; 1.228524659; 1.327141573; 1.436591427; 1.473521725; 1.468539999; 1.451804662; 1.545139125; 1.533674887; 1.517489925; 1.634556032; 1.677636826; 1.692794497; 1.738781464; 1.797312369; 1.820189709; 2.005138544; 2.157338076; 2.338972952; 2.438465249; 2.625297249; 2.942355929; 3.191814381; 3.440116337; 3.563470119; 3.967719066; 4.129945592; 4.474128973; 5.054035336; 5.449065591; 5.807809185; 6.165602948; 6.989492733; 7.367707436; 7.965092631; 8.51829787; 9.324494869; 9.868687958; 10.60870443; 11.55056; 12.28566634; 13.31847039; 14.20347015; 15.72011279; 16.9592332; 18.80021628; 20.17195218; 22.17945593; 24.42717491; 26.84813432; 29.95708742; 33.49478349; 36.38739416; 39.46744832; 42.1479009; 44.03489516; 43.49577109; 41.65829719; 38.49097375; 36.09055678; 32.29133313; 29.37740904; 26.02090088; 22.60471714; 19.58497786; 16.92702683; 13.79607966; 11.19511685; 9.289079352; 6.971339033; 5.144018238; 3.614959506; 2.321536165; 1.446030855; 0.8848505635; 0.5926559848; 0.3137233061; 0.2619880379; 0.1396556765; 0.2050892375; 0.07693628149; 0.0005824840223
2.600939346; 2.125752744; 2.075984343; 2.127934276; 2.12112733; 2.256474793; 2.205121807; 2.228151763; 2.619653772; 3.162793492; 3.061640308; 3.406685918; 3.543062236; 4.056974275; 4.432856367; 4.629150587; 4.802712921; 5.140929786; 5.551155349; 5.978948814; 5.902026555; 6.15491377; 6.108898543; 6.086905339; 5.746844564; 5.541891405; 5.619384802; 5.507411496; 5.615510232; 5.839818649; 5.983277462; 6.036443472; 6.167669006; 6.44916517; 6.69225245; 6.922051754; 7.343236434; 7.620931008; 8.158204017; 8.575973178; 9.363827657; 10.02261261; 10.43021188; 11.26653284; 12.08221646; 12.88959426; 13.83065045; 14.795868; 15.57619712; 16.75832079; 18.19614567; 19.14161819; 20.75833615; 22.08794647; 23.54542123; 25.01679998; 26.96064259; 28.54216245; 30.59903106; 32.52228794; 34.85667471; 37.43209113; 40.08322142; 43.47126615; 46.43167774; 50.28427645; 55.20035942; 59.84753594; 64.78463836; 71.21658921; 79.22077262; 87.83220105; 94.87142884; 103.4853615; 109.6717471; 113.3763374; 113.9153796; 110.2080117; 104.0143891; 95.98113059; 88.20434324; 80.83911313; 72.60978868; 64.30653736; 55.58665421; 47.59790154; 40.84326597; 34.4987531; 27.41017404; 21.39753423; 16.1739414; 11.76862982; 8.29576229; 5.708404027; 3.352424322; 2.280344032; 1.204142682; 0.7618745186; 0.6511917776; 0.4280597341
5.431038726; 6.96882573; 6.246821706; 7.035715458; 7.310189038; 7.802369708; 8.450211876; 9.240696872; 9.97281321; 11.57608953; 12.67262484; 13.62408775; 14.15456863; 15.31139129; 15.90475285; 17.52533007; 17.3898653; 18.3163021; 18.9478732; 18.97921683; 18.36459085; 18.51469442; 17.51256198; 17.14981487; 16.89895424; 16.22016928; 16.45086269; 16.06231434; 15.8066167; 16.13388702; 16.11492748; 16.15228497; 16.78072467; 16.7756882; 17.11452445; 17.66008812; 18.42775491; 18.95697992; 19.79426153; 20.42493823; 21.52158772; 22.77844128; 23.93702027; 24.8712462; 26.06183999; 27.68404689; 29.20894641; 30.78699998; 32.10505464; 33.88080552; 36.34281849; 37.96391869; 40.17707513; 42.7015054; 45.2919259; 47.84373057; 49.92876213; 53.20409737; 56.20888139; 59.24729095; 62.52543585; 66.43202931; 70.64546827; 75.35831711; 80.56563732; 86.2848092; 92.30393759; 98.78604007; 106.3386368; 114.9474622; 124.3583812; 135.4373809; 148.3562899; 163.2903297; 178.3665359; 193.335539; 205.975095; 212.9107377; 213.6424929; 209.7423949; 200.4560397; 190.2860241; 175.7436265; 162.0492724; 147.4344276; 133.2035477; 118.3307424; 103.8059479; 90.40983151; 76.74264895; 62.22745292; 50.06205799; 39.58589766; 30.06439876; 20.55525825; 14.29839674; 9.539061346; 6.133061861; 4.846343401; 3.493127063
19.17154654; 22.11368574; 22.0648484; 23.12453438; 24.7155542; 26.34750994; 28.04070577; 30.51874544; 33.51613101; 35.1023685; 38.17804614; 40.11569016; 41.27234886; 43.25632091; 45.38926624; 46.71934885; 46.46929403; 46.58488432; 46.126279; 45.54493064; 42.94806146; 41.97869004; 40.63815987; 39.24398265; 37.68416721; 37.14829081; 36.60310049; 35.55158535; 35.12388403; 35.41689559; 35.25751334; 35.73474947; 35.77212591; 36.34807973; 36.86486667; 38.10896126; 38.21239251; 39.25088421; 40.02446679; 41.64178793; 42.46559934; 44.35405291; 45.91369088; 46.96406459; 49.27336143; 50.76797746; 53.23848562; 55.18788483; 57.89645527; 59.76756763; 63.18383868; 65.35482441; 68.67324006; 71.57412615; 74.53130109; 78.40330158; 80.5983229; 84.90834069; 88.71215474; 92.05143873; 97.20713215; 102.1533314; 108.784875; 114.1049167; 119.9497077; 127.2375344; 134.3813928; 142.4333228; 151.3808731; 161.5105601; 173.1396367; 185.8180384; 199.4471661; 217.5683758; 235.3767237; 255.4987807; 278.557672; 299.1457035; 317.0266702; 331.0419092; 336.6914326; 331.9757844; 321.5746451; 305.9151167; 290.207045; 271.168426; 251.1695887; 230.6381721; 211.4557735; 189.9265891; 167.4714753; 145.8071455; 125.1436076; 102.5659593; 82.53574739; 66.36868317; 50.45260932; 37.51906099; 30.96189393; 24.59814397
57.96611823; 58.07510997; 59.47346605; 64.0641853; 67.01185646; 70.58537466; 73.40368419; 78.42550798; 83.26302256; 84.97165716; 88.26499327; 90.64046651; 92.09811581; 94.6918403; 95.80551195; 93.84031314; 92.06166444; 90.24327939; 86.26518558; 83.44951851; 79.93013347; 76.9748244; 74.61702358; 71.78317693; 69.52420964; 68.50565309; 67.01298738; 65.78157363; 65.5568019; 65.12732288; 65.25580189; 65.78323498; 65.50502398; 65.92126383; 67.31419237; 68.31610052; 69.38076524; 70.4201383; 72.10900325; 73.13245928; 74.40732447; 76.28723747; 78.6102786; 80.772912; 83.31757237; 85.11768324; 88.27752588; 90.9815062; 93.94340644; 96.27268532; 99.89799112; 103.5440078; 106.9673389; 110.2725014; 113.902452; 117.4229351; 122.4952192; 126.9411779; 131.7738994; 137.1972853; 142.0301839; 147.8519995; 154.8032846; 161.9348627; 168.3715407; 175.3263206; 183.9101277; 194.9705707; 205.2191843; 215.2004523; 228.0382545; 244.2559705; 258.7767017; 276.369239; 296.3187704; 315.3411734; 341.5442219; 367.0997629; 394.5260564; 421.0802637; 447.908973; 466.4949369; 476.9156684; 476.3775146; 469.4927829; 456.8495648; 439.0232366; 420.9219194; 399.5607265; 375.1995139; 348.96437; 321.4968379; 294.5793442; 263.4510196; 233.3744682; 204.5635309; 177.0552921; 151.7633029; 135.5684844; 130.188676
141.2923766; 132.6483754; 136.0620712; 140.6294006; 143.160804; 148.7861334; 151.7656562; 154.7305018; 157.1399391; 159.5801238; 160.8526168; 161.201124; 161.2205495; 159.7806686; 158.2986173; 152.0459534; 146.9862236; 141.1191127; 135.2462761; 129.8173664; 123.6214747; 119.7258437; 115.2558615; 111.2377545; 108.0031382; 106.657919; 105.7128259; 104.2397943; 103.1558039; 103.2466495; 103.2029262; 104.2202031; 104.05261; 104.7253835; 106.2536658; 107.9093709; 109.7669237; 109.5459326; 112.2611148; 113.5919786; 115.1601684; 117.5997403; 121.2149007; 123.8092847; 126.1834358; 129.8491261; 131.8217612; 136.1827403; 139.6151881; 143.3485064; 147.263749; 151.4781363; 155.8149929; 160.486221; 163.7802544; 168.539596; 174.2085786; 180.0257989; 185.2341849; 190.7757899; 197.7874252; 204.0602323; 210.7507802; 220.8017239; 227.8372242; 235.9374696; 246.1184348; 258.6672775; 270.4230103; 283.9110469; 296.8189373; 312.95316; 330.4695453; 350.6422151; 370.7619514; 393.2539238; 419.3168442; 447.5014227; 475.9761378; 507.93297; 542.7589206; 578.9764281; 610.2436006; 634.677905; 657.1141856; 665.6726672; 665.0571807; 659.3464138; 645.0650298; 634.3110129; 614.4600002; 587.6433481; 571.345586; 547.3561408; 521.4272178; 488.4622878; 460.0014917; 431.9735612; 423.5685663; 441.0773555
258.9953007; 247.7289093; 251.3694281; 253.6448907; 251.8153652; 252.8243873; 252.0042521; 253.8959951; 251.9874623; 250.3656182; 248.0265735; 242.7505039; 239.0009676; 231.4186771; 222.3811276; 210.4860476; 200.5712477; 191.8134322; 184.1151472; 176.4055621; 168.5206956; 162.5265996; 157.1626737; 152.4551577; 150.1656074; 147.8877278; 146.6952578; 145.3882636; 144.726867; 145.0383332; 144.3642296; 145.8233466; 146.949833; 147.0748868; 149.722182; 150.8003834; 152.883867; 153.5137137; 157.0053907; 159.1324213; 161.8662345; 165.1568065; 168.4040469; 171.3635454; 174.7398294; 179.5082552; 183.0751386; 187.6780518; 191.1287419; 195.7154921; 201.0565344; 205.6161481; 211.703424; 216.5570514; 221.5831694; 226.8279447; 233.5575455; 240.1267827; 246.2577719; 254.1019365; 261.4806139; 270.1801732; 277.4030492; 286.9745703; 297.5808857; 307.5643402; 318.8580942; 333.1293317; 346.5883533; 363.4517237; 378.680315; 396.638459; 417.040733; 439.4342569; 462.6356761; 488.9207849; 517.2280521; 548.9839213; 580.7103261; 612.9590393; 652.5033676; 693.184575; 735.6890825; 777.3794488; 826.4070328; 867.0382788; 897.8958212; 923.1050688; 937.3732017; 947.0766389; 954.6313443; 949.2458279; 954.0915414; 946.9783463; 940.0898182; 934.5163267; 923.72493; 916.3204081; 931.5933129; 983.9505151
408.7352503; 383.0665191; 386.9044364; 381.9476155; 376.0816884; 375.3095608; 365.3835472; 363.4126945; 357.074479; 350.5165433; 339.5186018; 324.7851689; 312.4236746; 296.3787793; 280.2701003; 263.9580079; 251.3481099; 236.538136; 228.1573938; 218.1822588; 210.231775; 203.8627609; 198.5639667; 194.2765307; 192.0899017; 189.4428505; 188.4380346; 186.800347; 186.4073129; 185.8994739; 186.3042534; 187.7831958; 187.8030241; 188.8928159; 192.6606565; 194.7133297; 195.9358666; 198.6357522; 201.9553477; 204.7502206; 208.8147657; 212.1672846; 215.4893821; 219.8551613; 224.2853731; 229.2895045; 234.3613939; 239.21783; 245.0963123; 250.0338305; 256.9129049; 260.8496785; 268.2337691; 274.1947748; 280.7347615; 287.5124892; 295.7514535; 303.0907556; 310.7297785; 319.6120082; 327.2985762; 339.0670388; 347.9483137; 360.697006; 373.5122087; 382.792544; 397.2362686; 413.0857909; 428.8106619; 448.6584132; 467.1887881; 489.9077017; 512.2894528; 539.6211667; 567.239491; 600.6246961; 633.6602414; 667.8723376; 705.0136122; 741.1816693; 786.9871695; 831.8171768; 879.0615973; 937.6001397; 996.3235974; 1057.182004; 1116.167507; 1174.62406; 1234.038328; 1282.858344; 1320.789501; 1354.040277; 1390.256047; 1416.847061; 1443.07678; 1466.24751; 1494.918819; 1517.195275; 1552.355156; 1682.144943
562.1217126; 523.6835876; 527.7289423; 517.7698127; 508.2337795; 504.0577136; 491.7217146; 480.8105937; 467.960131; 448.8204732; 426.4022283; 400.0632332; 376.0297869; 349.1633289; 328.4094173; 309.2804124; 291.9451823; 278.3918589; 267.6636051; 258.921048; 249.8716419; 243.068714; 237.5418221; 233.0218319; 229.1805328; 227.1595164; 226.453612; 225.0892185; 224.5803916; 225.1627896; 225.1382199; 227.1956184; 227.9944135; 227.4020296; 232.1787532; 235.6421572; 237.9406978; 240.5534698; 244.3924199; 247.7519997; 250.6479862; 255.3132363; 260.7228483; 265.8255023; 270.4481233; 276.488108; 281.8724214; 288.7233016; 293.8749679; 300.7598676; 308.19444; 314.4738155; 322.149368; 329.2188298; 337.8430311; 346.143378; 354.476584; 364.6363873; 373.203984; 382.1261822; 393.9874067; 405.8943732; 418.5927734; 431.2992013; 446.3133806; 459.2420817; 474.3924268; 493.8145637; 513.3051311; 536.011659; 558.3498164; 582.5576751; 610.2282359; 641.2855847; 673.7586622; 709.4440509; 752.8828127; 794.1889686; 836.5581976; 881.3696083; 930.7870824; 986.4956835; 1039.654325; 1101.972962; 1172.73418; 1248.907708; 1323.352779; 1406.413893; 1496.212495; 1580.288671; 1655.921014; 1732.927905; 1808.178391; 1877.889095; 1940.712755; 2001.58148; 2053.857111; 2114.424822; 2152.341442; 2345.679597
718.1393937; 666.0553275; 671.0477419; 662.0658396; 645.6481351; 634.8668965; 612.7493122; 589.2934847; 563.2333269; 524.3123073; 488.1338714; 454.2793739; 423.6511293; 391.4366585; 368.0741849; 347.8541373; 333.3540736; 315.6873919; 305.6382946; 295.4461026; 285.4660414; 279.6723818; 273.2468085; 269.542498; 264.4322997; 261.9086925; 260.1155888; 258.9854221; 258.9332909; 260.2733743; 260.8329529; 261.7935983; 262.0589408; 264.2468346; 268.473135; 271.1896403; 273.8024755; 276.9243112; 281.6468049; 285.2341028; 288.5651086; 293.6159524; 299.2940124; 304.6225935; 310.927563; 317.469794; 323.4225795; 330.1815075; 337.1461856; 345.0306348; 353.6164463; 360.0561236; 369.3929401; 378.1054995; 387.7209299; 397.2776114; 406.6644657; 416.3018541; 427.5372319; 438.804784; 453.5377715; 466.2694164; 480.1609991; 496.3376323; 512.8110178; 527.2866002; 546.2598071; 566.8052792; 587.9946105; 613.0424538; 636.283124; 665.76452; 697.8336403; 734.6807597; 774.5865035; 813.4288173; 859.8287816; 909.6194404; 958.6357058; 1011.297795; 1071.58568; 1134.883519; 1197.195982; 1269.475188; 1345.429105; 1429.435994; 1512.943804; 1601.760203; 1700.574985; 1808.025303; 1906.67555; 2009.027985; 2115.304881; 2216.87605; 2314.057387; 2405.774094; 2493.099488; 2546.417855; 2563.108437; 2807.567692
874.711457; 813.9982696; 813.8485826; 798.2205594; 774.2171308; 748.2692; 710.9384189; 666.1796529; 623.1602502; 574.7822388; 534.781372; 495.094479; 466.6162136; 434.7570695; 410.3615733; 387.6638905; 372.8726012; 354.9103681; 340.847797; 330.4873741; 319.241419; 312.9881432; 304.9352764; 299.7367218; 296.092644; 293.9715626; 290.7052426; 290.9395696; 291.2254753; 290.4084014; 291.6034798; 292.5595571; 293.8971469; 295.0032876; 297.3688485; 301.6299714; 304.9802471; 307.1745516; 312.7977287; 316.8196034; 321.095399; 326.3173485; 331.089735; 337.2646479; 344.779136; 351.4134286; 358.4743533; 366.4819174; 373.7366533; 380.516611; 391.9107042; 398.4993172; 407.6760835; 416.9117934; 427.5345964; 436.9971875; 448.2901561; 459.3482174; 472.4473958; 483.9080392; 498.3909021; 513.7401174; 531.3635238; 547.1251975; 566.6149272; 583.0649792; 602.269934; 625.6814538; 648.756189; 677.2563921; 704.3809657; 738.3801095; 773.9233097; 810.546049; 855.9618195; 900.5072174; 954.9838877; 1008.88504; 1067.960198; 1124.279787; 1196.532991; 1264.343515; 1331.219752; 1407.709461; 1487.026524; 1569.97473; 1652.87291; 1739.356423; 1832.275248; 1938.908739; 2041.261654; 2154.010279; 2282.755426; 2405.03613; 2517.407332; 2607.750254; 2697.096129; 2749.392438; 2786.937215; 3013.987691
1044.755045; 952.4864542; 949.4852004; 909.7381859; 865.3075113; 816.6989618; 754.4590034; 694.8929209; 650.5774612; 608.4907839; 570.8359117; 532.8118922; 504.3435415; 474.8370206; 448.4231721; 427.7169567; 408.600242; 390.5487714; 376.1422529; 362.713996; 350.644717; 343.1528727; 332.6576559; 328.4461114; 325.0585972; 322.3470175; 319.8145956; 318.4763242; 317.8996797; 315.6271755; 316.4627974; 319.6348398; 320.293855; 321.0949906; 323.4207382; 327.7270645; 331.8756447; 333.6228563; 339.3652656; 343.3970439; 346.8851937; 351.994523; 357.4736034; 364.0744506; 369.9787411; 378.4978469; 384.3963101; 393.3088036; 400.1705984; 407.4975941; 419.5611759; 428.8907965; 437.5445804; 446.7633357; 457.3663822; 467.7606704; 479.8812625; 493.7845212; 505.4962781; 518.130269; 533.4029792; 551.3533555; 568.3092906; 585.9040025; 605.471113; 623.7743122; 646.2756539; 671.1494585; 697.7067146; 727.3180439; 758.1980272; 794.8296087; 833.9630818; 874.0435958; 922.2347163; 972.7501893; 1033.168258; 1091.817482; 1154.663319; 1217.791095; 1290.585031; 1360.06968; 1423.442256; 1494.821475; 1573.438908; 1650.967756; 1722.846249; 1804.604238; 1892.566102; 1987.95611; 2088.33023; 2193.938209; 2312.27989; 2426.780884; 2531.954031; 2601.531993; 2686.391186; 2739.816048; 2771.508045; 3008.235744
1141.795785; 1046.111227; 1011.407233; 945.2431798; 883.3920457; 824.713266; 762.4641924; 714.3487819; 675.5339157; 635.8753393; 601.0811064; 566.7610375; 539.3474585; 509.8848274; 484.2467032; 462.7218984; 444.2499802; 422.746258; 408.2740454; 392.6783412; 380.3767797; 370.293419; 361.8595676; 353.482046; 349.6518349; 345.3085168; 342.5859478; 340.9342177; 340.055005; 339.0635822; 339.0933312; 341.0502465; 340.633732; 341.6049196; 344.7393825; 347.8247263; 352.3752319; 354.8192252; 358.9767762; 362.80921; 367.3434725; 373.2182155; 378.4598125; 385.4668882; 391.0774862; 397.655924; 405.7183171; 413.7870406; 421.7583022; 429.2876953; 440.7165406; 449.5669345; 458.8987641; 470.2892016; 480.5185509; 491.4697671; 502.722258; 516.6790408; 529.5157249; 541.1120096; 557.3097109; 576.892765; 594.4920112; 614.4611675; 634.4884821; 653.0897063; 677.0625675; 704.5055457; 730.9383463; 764.7580297; 798.1280555; 839.9893053; 881.9998866; 925.392847; 977.3637505; 1029.793014; 1088.777599; 1148.034745; 1208.533737; 1269.641593; 1333.885996; 1399.858784; 1459.707762; 1524.350543; 1593.895909; 1664.525543; 1727.228957; 1804.267099; 1886.371606; 1974.207578; 2063.581618; 2151.257247; 2233.024174; 2317.888304; 2398.304332; 2439.335458; 2495.589751; 2536.505177; 2576.029711; 2762.777237
1066.891095; 961.6822364; 919.1408441; 866.8152408; 816.1411869; 781.2910864; 737.2140027; 693.909569; 660.1709361; 625.9685785; 592.2421266; 562.8888756; 535.6722747; 507.1097419; 485.8574443; 464.5861278; 445.7971798; 425.4607898; 410.2726235; 396.0094363; 383.12064; 372.0049615; 362.1904983; 354.9558855; 350.2690191; 345.7539423; 341.6306586; 339.661686; 338.3387514; 338.4158548; 337.9486758; 337.7608633; 337.9965197; 338.2350602; 341.9725558; 344.9059652; 349.0299986; 350.7406844; 355.1841015; 359.2574908; 363.5052805; 368.6723054; 372.7601087; 379.5165395; 385.9743614; 392.1071984; 398.6335906; 406.4626118; 414.8474222; 421.8509334; 431.7758417; 440.4632454; 449.8848049; 461.1864062; 471.6821863; 480.5044957; 491.8076712; 505.2372582; 518.937488; 531.7215476; 547.1463559; 564.0691519; 580.814571; 601.3352188; 622.7856254; 642.164709; 665.5789971; 693.3577351; 721.498704; 752.7217752; 786.8561139; 828.8263925; 870.8871818; 913.8017521; 960.3450655; 1011.235053; 1063.80061; 1116.068255; 1170.236872; 1222.306263; 1278.857565; 1331.139216; 1386.144554; 1443.004139; 1506.201509; 1569.948094; 1627.900347; 1701.066097; 1778.594114; 1855.002708; 1924.207694; 1985.733963; 2036.219602; 2078.392455; 2114.963824; 2135.653983; 2163.598777; 2162.085303; 2180.041483; 2330.769382
571.6216488; 536.9464478; 542.1427646; 546.4687018; 540.1056222; 525.8406037; 502.6324321; 475.4761531; 451.5355682; 422.2352015; 397.3394319; 372.9799886; 352.3626426; 331.5082536; 317.0582711; 303.390443; 289.3615444; 276.0948509; 267.4342615; 258.3873499; 250.4845376; 243.6932314; 238.4525067; 234.320311; 231.8445167; 229.623112; 227.7221453; 227.1141733; 227.9652258; 226.752501; 227.8969497; 228.8346484; 229.5639935; 229.7540376; 232.4185924; 235.0668893; 237.6186625; 240.2725509; 244.6661091; 248.1447621; 250.1065074; 253.2301975; 256.9840497; 261.3589201; 266.6748744; 271.7692015; 276.4809941; 281.6284928; 288.680745; 294.3831193; 300.7125541; 306.3024517; 312.8404586; 320.5245964; 328.3600729; 335.2976683; 343.3162332; 352.6793016; 361.6947478; 370.3478016; 382.1540877; 395.5604124; 406.6794552; 419.435313; 434.8740928; 448.1012728; 466.1206613; 483.6567177; 503.456295; 525.2471701; 547.1143227; 574.5519348; 600.8994302; 630.2545676; 663.6861651; 697.6516347; 737.6080328; 777.4246859; 818.9585079; 858.1029718; 908.1714291; 955.9632313; 1005.060904; 1061.024367; 1118.397883; 1184.263389; 1246.608318; 1313.736599; 1384.587007; 1451.872568; 1494.121926; 1530.888027; 1549.894944; 1556.013488; 1566.069617; 1557.277953; 1550.873719; 1532.469648; 1516.153544; 1625.298883
350.0648284; 338.2846737; 361.2121395; 386.5329547; 408.7590662; 418.6689208; 418.4115168; 404.4505307; 390.6979866; 366.1814282; 345.761232; 324.751401; 304.4905969; 284.6607243; 270.5332828; 258.5171365; 246.4044024; 237.0054012; 227.0874183; 220.1881443; 213.6818349; 208.1709715; 204.4141755; 201.5638474; 199.0615278; 197.6401674; 195.4762823; 195.2151657; 196.6517263; 195.2948756; 196.9510189; 198.3124715; 199.3273336; 199.3811757; 202.4595869; 204.5294593; 207.1745447; 209.7796866; 213.4968712; 216.5780818; 219.3825611; 222.6625937; 226.6301851; 231.8361982; 235.8354541; 239.7792303; 244.1939106; 249.0056615; 255.1108445; 260.1367725; 266.5630611; 271.6521139; 278.0530415; 284.6703324; 291.4284244; 298.7252378; 305.253079; 313.8499231; 321.4380223; 329.6791312; 340.3251352; 350.860209; 361.89377; 373.9214975; 386.9382076; 398.9389637; 413.1191162; 427.9346404; 444.1264739; 464.3556065; 484.5879795; 507.8109985; 530.593723; 556.9399295; 585.8529693; 614.5067191; 652.5128287; 690.1605561; 726.6556869; 765.6794968; 812.1035347; 856.0974036; 902.9102814; 956.4755343; 1011.247323; 1074.526238; 1136.871488; 1194.780974; 1249.404333; 1288.830831; 1306.325244; 1315.51154; 1309.536347; 1293.667656; 1273.574767; 1243.939291; 1218.875075; 1182.950972; 1174.827714; 1253.435994
310.0981549; 286.5489661; 288.9460918; 297.6003056; 311.8602706; 333.4206671; 343.4800834; 348.2933949; 346.9985789; 336.4170773; 321.4516454; 303.2655206; 284.2775077; 265.7652562; 251.1181908; 238.126513; 226.4719712; 216.0776247; 208.294671; 201.6084043; 195.9074298; 190.8694182; 186.9787916; 184.2103298; 182.2037535; 180.0664243; 180.4757017; 179.9255753; 180.068256; 180.2160933; 181.4128449; 182.4855601; 184.3293081; 184.7386922; 187.5037795; 189.944882; 192.8274352; 195.7047904; 199.2269601; 201.9569347; 205.0343208; 207.802928; 210.9087055; 217.0273075; 221.4046752; 225.1146918; 229.1583334; 235.2377959; 240.3738188; 244.4021311; 250.7816097; 255.6110143; 262.0136886; 268.5540521; 275.590037; 281.8695256; 288.4116377; 295.5563463; 303.0781434; 309.9959335; 319.9614022; 330.7569633; 340.8941079; 352.7602601; 364.0721133; 374.7883864; 387.3510939; 402.2301975; 418.3633541; 436.2036021; 454.4967143; 476.3261104; 499.5203802; 524.7514823; 551.9629843; 579.9382295; 611.6499913; 646.9770604; 681.5794271; 716.0353995; 759.4257543; 802.4370568; 843.7353141; 896.9412078; 950.8548984; 1007.58201; 1058.929158; 1102.714317; 1130.5541; 1142.228938; 1137.937896; 1126.444462; 1101.144398; 1071.171925; 1039.536691; 1005.761981; 982.0168155; 956.5593513; 940.9443235; 1014.375555
291.6345871; 268.3979257; 266.4898445; 261.0772999; 260.5083425; 265.6456859; 273.2932485; 283.9329088; 292.3222165; 292.9299594; 286.2080827; 273.6322447; 260.9974185; 246.3079847; 231.3630188; 217.296111; 206.3085745; 197.4271432; 190.1896761; 183.1315692; 177.7682335; 173.1360015; 169.1096449; 165.7880953; 164.6821107; 163.8774955; 162.7865634; 163.3442874; 163.4169301; 162.690742; 164.0012593; 165.9180586; 166.4605425; 168.4144219; 170.3046973; 173.1047986; 176.4766336; 178.4154273; 182.7950406; 185.3228233; 187.603675; 191.7145202; 194.9602211; 198.9541764; 203.4745065; 207.3941831; 211.4107533; 217.226404; 222.6222262; 226.7233864; 232.9913775; 237.8018336; 243.9463691; 250.455729; 256.2854397; 261.9032165; 268.5352888; 275.5596487; 282.4198796; 289.3622103; 298.3568527; 308.0421832; 316.8213705; 325.9524851; 338.2488297; 347.8654236; 359.5000601; 373.3596754; 387.8551085; 403.9219875; 419.5094749; 439.1889565; 459.8897646; 484.1518698; 508.689839; 535.4468914; 565.8160831; 595.8607047; 628.356594; 661.7601058; 700.9175378; 742.3568825; 785.2766611; 834.5802608; 884.4121014; 927.8254529; 960.6527773; 979.9879624; 982.3627486; 972.2733982; 950.0222343; 920.227305; 889.7201369; 861.9873199; 836.1629978; 812.3805408; 800.9754753; 792.8016945; 787.162749; 837.7053088
263.0013099; 244.7302978; 244.9757414; 241.0097231; 235.4568396; 231.0848011; 228.4769164; 229.5632212; 233.5869554; 238.7015718; 241.879024; 238.5369453; 232.55074; 221.7549833; 209.5179464; 196.9376985; 187.3147184; 177.2951142; 169.1274698; 162.5007958; 157.4356093; 154.0008285; 150.4442242; 148.1034421; 146.394545; 145.4757107; 144.5044181; 144.6143902; 145.5712561; 145.1810232; 146.323; 148.2234856; 149.3411525; 150.982395; 152.2124904; 155.2641336; 158.4890068; 160.8593792; 163.5255738; 166.3493185; 168.7257815; 172.8599387; 176.4172713; 179.6225031; 183.723478; 187.9265773; 192.8257463; 197.9157476; 202.2515084; 205.6701631; 211.9288957; 217.1775538; 222.3307765; 228.7549557; 234.9424675; 239.2747189; 245.137627; 251.5140094; 258.9250414; 264.7338089; 272.1695934; 281.6025236; 289.7330326; 298.3116692; 307.4909657; 316.2630706; 327.2660913; 339.7702387; 352.0484822; 366.4994919; 380.805557; 398.1955812; 417.0261054; 438.1997976; 459.8884123; 484.1314965; 512.9045693; 540.0673349; 571.0054216; 603.6689366; 643.7468127; 682.3602624; 722.7420517; 764.9291315; 804.177223; 830.0047177; 836.6626093; 831.5156783; 813.5604842; 789.6559528; 758.964175; 729.6521276; 705.033802; 688.2680616; 680.3602982; 668.7682829; 671.5457113; 665.8138741; 668.0504659; 713.2234281
242.521425; 224.1629476; 224.9040219; 216.9621095; 214.2008854; 209.7042915; 202.2706075; 196.4284822; 194.0539244; 192.8536373; 192.6857377; 195.0218432; 193.5849565; 189.7792142; 183.1799464; 174.2368789; 165.8092642; 155.9008837; 149.343245; 142.7440949; 136.7781189; 133.8779242; 130.3771023; 129.1831817; 127.7852162; 126.9690707; 126.4638848; 126.2902692; 127.3708968; 127.5254675; 127.8021116; 129.7922471; 131.5268347; 132.8775642; 134.5316768; 137.3101127; 139.3655391; 141.3704944; 143.5682392; 146.3345534; 149.4653185; 152.8304991; 155.9663218; 159.4868914; 162.8338599; 167.6291747; 171.4577562; 175.2452494; 179.6003831; 183.8330587; 189.0806609; 193.5179842; 198.1635712; 203.1238787; 208.9110156; 213.2038461; 218.6055654; 225.0857587; 230.5446044; 236.4057546; 243.1725472; 250.8762729; 257.6624687; 266.3117835; 273.8870057; 281.9918981; 292.1598663; 302.8599304; 313.1857217; 325.6740931; 338.3098436; 354.7361106; 370.803845; 389.302535; 409.5382407; 431.9339984; 457.0139258; 482.1928127; 511.5738327; 543.0756326; 580.7114802; 618.9188342; 655.60761; 683.7411993; 700.6814192; 702.5154212; 689.2340829; 667.171553; 639.2878813; 614.4354659; 589.3929041; 574.703825; 564.8728326; 560.8119738; 563.0957667; 557.6267852; 558.8608674; 559.2397811; 561.0142488; 592.0945745
213.2093989; 198.8949737; 197.8502797; 192.8884899; 188.2800462; 184.0685063; 178.3387264; 171.4228121; 166.6900123; 160.3636801; 156.9303357; 153.8992212; 153.7062242; 152.8601163; 151.2624458; 147.4093167; 141.5085594; 134.8994046; 128.5494764; 122.2159948; 117.9036002; 113.5937116; 111.2551486; 110.1728025; 108.821; 107.955948; 107.6646978; 106.9776827; 108.0555465; 108.6667809; 109.5572025; 110.3514512; 111.5797815; 112.8167773; 114.8722944; 116.6460768; 119.4556972; 121.4409293; 123.704236; 126.4263395; 128.7232159; 131.5633145; 134.4715651; 137.9815664; 140.2643933; 144.2847224; 148.1871926; 151.8512858; 155.9175743; 159.2988819; 164.1342457; 168.2513344; 171.920289; 176.8548663; 181.3753969; 185.738446; 190.6674066; 195.8132421; 200.4684214; 205.4039734; 211.3421388; 217.606732; 224.6689455; 231.6768945; 238.8662328; 245.7622324; 253.86619; 263.1923016; 272.2260866; 283.6458083; 294.2768428; 308.3836411; 322.6525062; 340.0344798; 357.0569763; 378.9894395; 401.4311637; 426.512836; 455.4405209; 484.7394125; 519.8933078; 550.0712707; 573.0834176; 584.5420737; 576.7773707; 559.0606459; 533.4955716; 508.651329; 486.1334373; 472.851067; 462.8090561; 460.3367021; 459.5997864; 460.5308389; 464.312705; 462.3455166; 464.8723942; 468.2936889; 464.9582531; 492.9112344
180.8237435; 166.7486626; 167.5541928; 163.7848819; 160.3069943; 157.4653456; 151.030715; 145.2160605; 140.6244714; 135.5395834; 130.3447236; 124.454999; 121.1883512; 118.3376624; 117.7187395; 117.8401773; 115.2357323; 110.5648747; 106.9149557; 102.2314569; 98.21689622; 94.93302597; 92.29235247; 91.05505557; 89.78802346; 89.32989458; 88.419445; 89.23156593; 89.90087593; 90.52894828; 90.69699259; 91.82080921; 92.55934843; 93.16396365; 95.06292209; 97.10536655; 99.09892144; 100.4059293; 102.697057; 105.0456085; 107.4250437; 109.6532659; 111.8435179; 115.4900113; 117.7146186; 121.0197086; 124.4325096; 127.6241546; 130.8311822; 134.2492243; 137.8203008; 142.018384; 145.6409071; 149.5101968; 153.6639711; 157.3544973; 161.3713215; 165.4752964; 170.04717; 175.0740707; 179.6044804; 186.0042827; 191.4923154; 197.4125079; 203.4408439; 209.2472025; 216.0759341; 223.9060042; 233.0810323; 242.4643753; 251.436829; 264.1660357; 278.0461858; 292.8405284; 309.0514658; 327.0312815; 350.6019119; 374.4714702; 402.0707306; 429.8816061; 457.3443616; 471.7425304; 473.3583491; 459.9897319; 439.6932022; 417.6511669; 396.7915241; 383.4350248; 376.1406775; 373.4865543; 372.3389911; 373.2324708; 377.0403871; 377.2432048; 380.3411226; 380.8219796; 380.779285; 381.5398173; 387.2787586; 415.4379737
149.8926373; 137.892272; 135.4602542; 134.3582153; 131.0021315; 125.1648314; 122.3571941; 118.8590606; 114.7719845; 110.2533388; 105.4269653; 100.5517871; 96.9231152; 92.69861999; 90.73314449; 89.76166672; 89.32898735; 87.33345076; 85.30603852; 82.21767641; 79.38287737; 77.78073114; 74.93130392; 73.45937393; 72.84274024; 71.93514315; 72.22279236; 71.9700453; 71.88394345; 72.01343624; 73.04876902; 73.5696858; 74.1098648; 75.02816269; 76.89322327; 78.6789748; 79.94739783; 81.40324647; 84.05308685; 85.53015901; 87.39776986; 88.98174156; 91.14264705; 94.12483489; 96.70286955; 99.26677487; 101.6819629; 104.1302317; 107.4398666; 110.7751708; 113.9739388; 117.0477311; 120.7537737; 123.5762212; 127.2546223; 130.4023128; 134.9016182; 137.895836; 141.9014128; 146.5897629; 151.0268956; 155.6666576; 161.099368; 165.5114441; 170.7303672; 175.3143652; 181.8146024; 188.5813317; 196.4199871; 204.8591943; 212.5307484; 223.2766501; 235.0348083; 249.3304364; 264.4512362; 282.4445354; 303.610384; 327.1153401; 351.3249889; 370.5442277; 379.1006566; 374.7988344; 356.912121; 336.7046532; 319.4382387; 308.6943127; 301.1860499; 299.6962281; 300.1921971; 301.7645651; 302.6054775; 302.9138282; 306.0916321; 306.3732976; 307.035596; 309.1778163; 310.3832953; 310.2047064; 312.8058471; 334.3521319
113.2965194; 106.7227233; 104.9333445; 104.0743311; 101.0902721; 100.4546552; 97.39405503; 93.477501; 91.50869099; 88.28721335; 84.17363883; 80.91007537; 77.77153542; 73.99584074; 71.07768759; 69.14095217; 67.96771678; 67.02410342; 66.27340492; 65.05977175; 63.15572693; 62.16788802; 60.14278881; 59.07121457; 57.73251464; 56.82944528; 56.8197305; 56.46784451; 56.62905849; 56.84280614; 57.93199307; 58.50024413; 58.69133794; 59.71242057; 61.24000769; 62.49668688; 63.31286459; 64.87969835; 66.54183833; 68.00478958; 69.46724356; 71.58137295; 73.20952416; 75.39315712; 77.46393124; 79.2768419; 81.72535693; 84.39267453; 86.85782279; 89.57863309; 92.9163027; 94.79181428; 98.47417093; 101.6029149; 104.3981537; 107.132821; 110.4976331; 113.6172767; 117.2738571; 120.5930111; 124.1168336; 128.7783373; 133.3122504; 137.1221266; 141.0212714; 145.8778094; 151.8714227; 158.0585834; 163.223561; 170.0159948; 178.0309827; 188.4167904; 198.3120315; 210.6469745; 224.7474128; 241.1589513; 261.2210284; 280.5355506; 293.8410889; 294.7541482; 285.4986801; 268.6337359; 252.7381018; 243.210919; 239.1883598; 239.8798583; 240.4354974; 242.5171346; 244.2099173; 246.3360877; 247.1009724; 247.2110045; 245.610231; 247.1270529; 248.718795; 249.607631; 249.0285023; 247.5597786; 252.2745637; 274.8037982
93.15519519; 83.70857373; 82.74310786; 82.49923669; 81.17371229; 79.82420358; 77.06922229; 73.99355691; 72.85258938; 70.59044746; 68.35153413; 65.75296516; 63.4982622; 60.34089097; 58.05952171; 56.45263292; 54.1021087; 52.67327527; 51.6154072; 51.19020439; 50.48389681; 49.43547204; 48.47460812; 47.55175665; 46.04861802; 45.81078627; 45.4500358; 45.44305675; 45.23301103; 45.55767015; 45.85473711; 46.65004953; 47.01777138; 47.33971355; 48.21731542; 49.5775651; 50.18477626; 51.25089433; 52.66696536; 53.97188964; 55.21854231; 57.31089325; 58.47502769; 59.91979733; 61.5372953; 63.67406769; 65.65988644; 67.42690774; 69.75760407; 72.55816984; 74.94152439; 76.8198947; 79.27213642; 82.25650182; 84.83041708; 87.25748369; 89.87415406; 93.33381709; 95.90968827; 98.91978068; 102.1351218; 105.8981631; 109.3795502; 112.375481; 116.2264558; 120.5627339; 125.5267805; 130.2138387; 134.611903; 140.4416652; 147.5186674; 156.0529386; 164.6232766; 177.3838778; 191.1888897; 205.4729094; 218.7822309; 225.4121223; 221.738093; 209.4991556; 198.5466217; 190.1892144; 187.4379775; 187.0300148; 188.8790399; 193.0329253; 193.5338021; 195.6998362; 198.0558428; 199.4002221; 201.1168676; 200.0572678; 200.1576801; 200.8597864; 201.5181055; 200.9688222; 202.3665439; 201.6211178; 201.5524336; 222.1691096
72.71946937; 68.41338597; 66.52783173; 65.74599499; 64.73095397; 64.9495418; 62.73949686; 61.15499076; 60.47573498; 58.36756399; 57.11729757; 55.19973833; 53.19189315; 51.15251455; 49.05429263; 46.89429401; 44.99814078; 43.44855897; 42.11259491; 41.31432683; 40.41481137; 39.96204883; 39.17602426; 38.44367186; 38.0809263; 37.43656891; 37.09597424; 36.55609321; 36.68292719; 36.75336781; 36.87824821; 37.5768293; 37.98565672; 38.04804841; 38.853683; 39.2297408; 40.2367569; 40.47830023; 41.86221038; 42.70947429; 44.24191695; 45.61693575; 46.64030045; 47.65916492; 49.31512021; 50.937962; 52.37972846; 54.34291614; 56.09601411; 57.45912481; 59.61793413; 61.61875488; 63.27646355; 65.6864594; 68.0135084; 70.07689551; 72.05488481; 74.86811168; 77.56703233; 79.68523485; 81.92571426; 84.41315875; 87.56959574; 90.48019842; 93.54827972; 96.20513246; 100.2475336; 104.082608; 108.1476365; 113.8197923; 119.6807755; 126.5866943; 134.8089797; 145.54344; 156.4495014; 163.8623226; 165.4728945; 158.9864645; 150.723726; 144.5418115; 143.2366283; 144.6438349; 146.788914; 149.5732912; 153.5767189; 154.3301588; 156.6077056; 157.7855101; 159.9896598; 161.6045639; 162.5361346; 163.2260503; 163.1918622; 163.6363761; 164.3585383; 164.9155428; 165.9334489; 163.8861646; 162.2904055; 174.5508929
61.29084146; 54.84212731; 54.87937301; 53.62996293; 53.24352259; 53.59319959; 53.39628089; 51.82408498; 50.71490956; 49.39553759; 47.97536363; 46.1956537; 45.08298572; 43.40390546; 42.04747586; 40.18113731; 38.58006741; 36.88843307; 35.74491594; 34.68565633; 33.56440397; 32.89698305; 32.3162317; 31.70211963; 31.50231762; 31.04590763; 30.43399987; 30.19575528; 30.0273338; 30.2334124; 29.90459739; 30.32150326; 30.50162419; 30.69116559; 31.29236009; 31.54198238; 32.05034218; 32.78407041; 33.24707982; 34.25244371; 35.36386103; 35.96479991; 37.06187638; 38.26353638; 39.32972282; 40.33664034; 41.65168498; 42.98285421; 44.25322049; 45.78116293; 47.48633118; 48.81767029; 50.09772552; 51.93264809; 53.55290763; 55.2710392; 56.75115306; 58.61793335; 60.34921321; 61.93259345; 63.74947489; 65.9252342; 67.93687847; 69.98022522; 72.17039909; 74.51712665; 77.3374772; 80.21947263; 83.71465302; 88.42287968; 94.09446369; 100.5271229; 106.8032294; 113.1235065; 116.202016; 114.4392055; 109.8364433; 106.4405172; 105.7479743; 107.8853532; 110.9289875; 114.8520527; 117.2001258; 119.5645687; 122.5764158; 124.896081; 126.5772766; 128.2287174; 130.1762562; 131.6629844; 132.6312789; 133.8769573; 133.9680188; 134.8880769; 136.2896857; 135.9055114; 135.4782591; 135.1539474; 135.379641; 145.485868
51.75911497; 48.3041638; 48.02802332; 46.88754465; 46.94823832; 45.84661949; 45.29953484; 44.51001242; 42.71232341; 41.63265559; 41.09722444; 39.40823918; 38.3666473; 36.80269938; 35.63304818; 34.16397842; 32.94299709; 31.46044331; 30.42164678; 29.32093449; 28.32594305; 27.36975984; 26.8356653; 25.99454958; 25.55417288; 25.28844148; 25.16007349; 24.98153599; 24.80817957; 24.83810916; 24.70851281; 24.58589106; 24.52669662; 24.83668341; 25.30555921; 25.42995955; 25.85916479; 26.33322335; 26.97687548; 27.15491213; 27.48981333; 28.62292922; 29.30017662; 29.89101635; 30.71539482; 31.46353402; 32.47440897; 33.7712712; 34.3749555; 35.35875321; 36.59908933; 37.73039199; 38.62568641; 39.79866982; 40.73453083; 41.70512914; 42.62306708; 43.68019886; 45.02029533; 45.94527287; 47.27104041; 48.61100533; 49.60230467; 51.06998847; 52.75402141; 54.63440519; 56.65664027; 59.15817849; 62.07776376; 66.0761649; 70.07527718; 74.33123327; 78.03089971; 78.34401244; 76.4670747; 75.07537983; 75.65799022; 77.97981726; 80.42133593; 84.08751622; 87.32013789; 90.60376742; 93.06857919; 96.17364888; 98.58093543; 101.3447606; 102.9419329; 104.8791916; 106.6975145; 108.2491353; 108.7992336; 109.96125; 110.8147499; 112.1669782; 113.3436584; 113.8270642; 114.0929382; 114.1082413; 115.3207153; 125.674652
48.32891656; 43.93953035; 44.51707396; 44.04911693; 43.6356881; 41.64531772; 40.03887034; 39.65242917; 38.2092108; 36.45694966; 35.43664408; 34.39637882; 33.08406064; 31.42089006; 30.43365619; 28.8365142; 28.39780019; 26.95700143; 25.88851001; 24.93757637; 24.1444222; 23.27250721; 22.54526914; 22.06031417; 21.3437497; 21.05796027; 20.88202281; 20.83226182; 20.65954905; 20.38107089; 20.42923767; 20.36091466; 20.42634229; 20.69636598; 20.7694759; 20.78720254; 20.9604648; 21.23938731; 21.38224294; 21.95103491; 21.99355261; 22.5328149; 23.17710965; 23.6352011; 23.92479598; 24.70773754; 25.18013158; 25.58697303; 26.27975692; 26.95537009; 27.41731946; 27.88020891; 28.30746368; 29.18070416; 29.75871603; 29.81825486; 30.40599529; 30.83572528; 31.39338459; 32.00183881; 32.64283175; 33.45515812; 34.42676738; 35.23484034; 36.32385489; 37.69423245; 39.63029746; 41.87459539; 43.8260689; 46.52352537; 48.90763834; 50.68778815; 51.04272772; 51.15232898; 52.32403754; 54.66069127; 57.40551719; 61.2177209; 63.76283802; 66.36303978; 69.92905643; 72.33264277; 74.21733418; 77.47154835; 80.29072222; 82.20378428; 84.10439312; 85.76121887; 87.34218083; 88.65977367; 90.07411392; 91.00335266; 91.92492777; 93.01554927; 94.52493922; 94.83426333; 95.75390294; 95.86315016; 95.53509374; 101.7874418
45.17089868; 40.55118832; 40.79652569; 39.65216661; 38.92633449; 38.58758655; 37.23161253; 36.16060381; 35.19095544; 33.85019403; 32.68250801; 30.91841038; 29.27191223; 28.09642264; 26.86521111; 25.64588581; 24.77347381; 23.29473175; 22.46328426; 21.5807776; 20.80908009; 20.33047233; 19.51214143; 19.06032194; 18.6372581; 18.34560511; 17.82616689; 17.5979376; 17.51664397; 17.32335831; 17.5305715; 17.28388302; 17.2169306; 17.17606837; 17.3354811; 17.44819254; 17.49971193; 17.44332635; 17.60710368; 17.67631265; 17.90405834; 18.10220707; 18.33872921; 18.43823018; 18.66438267; 18.91034552; 19.11570188; 18.98524775; 19.44677981; 19.5095698; 19.50178878; 19.61601665; 19.85579085; 20.02579612; 19.94972892; 19.76992709; 19.94478493; 20.2086348; 20.46589649; 20.64830704; 20.90191422; 21.45110651; 22.18960965; 23.0280991; 23.8638456; 25.01580581; 26.48998781; 28.35214565; 29.76707332; 31.13202248; 32.21527888; 33.63171095; 35.36933527; 37.0257504; 39.73268174; 42.36914698; 45.29550218; 48.27426126; 50.72142058; 53.17387384; 55.99288629; 58.34621617; 60.06510623; 62.37054726; 64.57162809; 66.74777632; 68.27250497; 70.04477112; 71.36939274; 72.78043162; 74.57372171; 75.70317042; 76.51323815; 77.53060512; 78.22280171; 77.57123232; 79.98297681; 80.07243022; 80.96392686; 82.56299714
39.34189535; 37.83499833; 38.12917104; 37.46822919; 36.28122586; 35.51994121; 34.77671617; 33.32415034; 32.06705021; 30.9487234; 29.57746901; 28.25207206; 26.84966748; 25.65511952; 24.09432226; 23.12296971; 22.08804018; 20.66489821; 19.88981759; 19.15213798; 18.28345341; 17.73259903; 17.14763855; 16.74782847; 16.33511075; 15.94769026; 15.61455638; 15.51611337; 15.31010175; 15.20711547; 15.08069349; 14.93159268; 14.73312893; 14.47359432; 14.53280349; 14.72088438; 14.65078957; 14.4724975; 14.37942516; 14.17273036; 14.26146782; 14.34696803; 14.09946403; 14.04802485; 13.97213861; 13.81729711; 13.79938494; 13.45994677; 13.36505495; 13.27438501; 13.03594347; 12.78779687; 12.50078693; 12.36521508; 12.1783187; 12.02380074; 11.73313294; 11.87069062; 12.14089194; 12.22130274; 12.53646242; 12.90545236; 13.73929121; 14.43095717; 15.13880636; 16.1806342; 17.50931906; 18.75908561; 19.90797442; 20.96850752; 22.58542338; 24.52865542; 26.60473639; 28.81678197; 31.15913694; 33.50638052; 35.97082808; 38.08697374; 40.44438386; 42.62022556; 44.35512668; 46.61212894; 48.74261285; 50.25236319; 51.96652758; 53.71859396; 55.11590368; 56.4092369; 57.6997376; 59.785156; 60.63231404; 61.8397823; 62.60123772; 63.73411812; 64.28271049; 64.2910493; 65.18533413; 64.82406747; 64.84794425; 68.34113045
37.27476033; 34.55967107; 35.53508051; 34.27641453; 32.40547608; 32.16532287; 30.69267119; 29.61909942; 28.99972631; 27.98656946; 26.54396033; 25.05799421; 24.02750792; 22.93683495; 21.77281931; 20.50765127; 19.62990182; 18.443888; 17.71411165; 16.82244149; 16.16410002; 15.59894437; 15.03611274; 14.68486194; 14.27379231; 13.83490335; 13.53716177; 13.27557956; 13.03169808; 12.86835388; 12.74794324; 12.53280576; 12.26254536; 12.01362635; 12.07052455; 12.02390049; 11.87397446; 11.59110835; 11.25732242; 10.93556974; 10.93412381; 10.70412711; 10.36758047; 10.03998968; 9.752806592; 9.360611789; 9.056769759; 8.55392558; 8.182877801; 7.808363161; 7.541654108; 7.097840533; 6.795424421; 6.577349209; 6.461005879; 6.338544685; 6.21984065; 6.282061619; 6.562408986; 6.839760947; 7.213512301; 7.581790949; 8.237470979; 9.017979735; 9.620328953; 10.66865062; 11.70626192; 12.61434497; 13.78948924; 15.22886494; 16.74411904; 18.47239834; 20.03829551; 22.12310583; 24.04647989; 26.02015211; 27.84064435; 29.80596681; 31.98641142; 33.45144473; 35.15590561; 37.28647915; 38.41300127; 39.6307314; 41.22872989; 42.7151167; 43.58607231; 45.48580093; 46.74359256; 47.79299601; 48.66417213; 49.32090577; 50.55943733; 51.14578988; 51.4280924; 51.64444089; 52.59857567; 52.72194426; 52.23661876; 55.86340954
33.54688554; 30.86594955; 30.20255306; 29.80182796; 29.00026215; 27.64306424; 26.99127472; 26.05207112; 25.46256386; 24.20697431; 23.06207372; 21.88004833; 21.06634339; 19.51501501; 18.87723559; 17.79091477; 16.91221064; 16.2418839; 15.44986926; 14.61101488; 13.94080241; 13.46132743; 12.8458069; 12.40393927; 12.07743899; 11.80960512; 11.56260194; 11.17482344; 10.67337847; 10.49220939; 10.2042047; 10.12924466; 9.798610092; 9.641945095; 9.526820929; 9.157023992; 8.801162831; 8.531519733; 8.203663188; 7.905415009; 7.550019915; 7.250922896; 6.806760915; 6.426785019; 5.938347257; 5.444806997; 5.111449798; 4.564411977; 4.230927431; 3.809510416; 3.559039077; 3.230709513; 3.085956597; 2.977505447; 2.899685415; 2.857981805; 2.921953007; 3.077120684; 3.308642301; 3.635542992; 4.005429635; 4.369672728; 4.874709631; 5.516247254; 6.168012295; 6.998297921; 7.765673968; 8.808503499; 9.745548123; 11.07859088; 12.16425901; 13.31872381; 14.72301722; 16.35304198; 17.89302008; 19.3233004; 20.85327796; 22.42804748; 23.95251443; 25.51396296; 26.85411509; 28.46300548; 29.51091901; 30.9282316; 32.25463459; 33.57450406; 34.00566615; 35.13918134; 36.49928744; 37.68507997; 38.69262311; 39.00785837; 39.77319265; 40.46067602; 40.67278963; 40.8985192; 41.48396451; 41.99331959; 42.13264381; 45.47340421
29.43377586; 25.77699896; 25.69538485; 24.98323833; 24.16630344; 23.3615553; 22.43649649; 21.76655921; 20.96329312; 20.38734172; 19.41239428; 17.97024617; 17.51749618; 16.35321254; 15.56939541; 14.83783683; 13.98803827; 13.23168794; 12.45252017; 12.03477112; 11.40919524; 10.75049103; 10.40411979; 9.845384255; 9.492812995; 9.329167068; 8.974429762; 8.738030455; 8.279556189; 8.096648493; 7.759690681; 7.591265939; 7.300276322; 6.940046359; 6.709610209; 6.326620145; 6.051639711; 5.62029973; 5.261874657; 4.8782581; 4.472505202; 4.073524374; 3.651100339; 3.312821618; 2.872861426; 2.5165459; 2.227807367; 1.892129439; 1.652516372; 1.402224105; 1.257573119; 1.130051413; 1.073657796; 1.026718818; 1.043906115; 1.133567903; 1.227118442; 1.3993034; 1.618140101; 1.856453273; 2.160239822; 2.467016733; 2.974149608; 3.31193021; 3.854021887; 4.378530424; 5.082384471; 5.775978146; 6.508269633; 7.366151208; 8.355188787; 9.176451791; 10.30910744; 11.5669234; 12.71044775; 13.80851757; 15.07882141; 16.5247858; 17.49383133; 18.77303746; 20.05148944; 20.97751515; 22.22148144; 23.49363616; 24.36868114; 25.73900799; 26.82647351; 27.27177125; 28.07718216; 29.14308373; 29.48755803; 30.27229068; 31.09006211; 31.60463143; 32.0030366; 32.28036213; 32.68648852; 33.64447492; 33.56695411; 35.74267919
21.44768484; 20.1887864; 20.52224843; 20.40822111; 19.61048807; 19.1543739; 18.5044405; 17.28700655; 16.67348342; 16.11945359; 15.41976539; 14.32026226; 13.84470552; 12.90926907; 12.25099144; 11.39560349; 10.87239693; 10.1342745; 9.604190434; 9.300819469; 8.645735896; 8.19487701; 7.759592155; 7.371295122; 7.109082958; 6.696664589; 6.446841051; 6.088342705; 5.68455272; 5.626157504; 5.316897611; 4.957346023; 4.628126862; 4.292551855; 3.997392988; 3.712276018; 3.408766088; 3.070391724; 2.735731558; 2.415331479; 2.086685596; 1.822374645; 1.515786683; 1.305234418; 1.039163596; 0.8329729213; 0.6751320028; 0.5599657969; 0.4390414786; 0.3678819807; 0.306955782; 0.2801213456; 0.2852187239; 0.2740475012; 0.3280516885; 0.4140225683; 0.4992343635; 0.6172003168; 0.7273137159; 0.9230757023; 1.092952805; 1.30155858; 1.587324208; 1.836803507; 2.194080281; 2.536883063; 3.021346806; 3.501206415; 3.94754339; 4.597389285; 5.328096402; 6.119706477; 6.728062291; 7.664585377; 8.654704861; 9.32920946; 10.27625572; 11.275176; 12.39685232; 13.31922874; 14.42224891; 15.34381815; 16.26531175; 17.12442661; 18.21789616; 19.02263739; 20.28048955; 20.84202775; 21.56697523; 22.42945036; 22.84499436; 23.26147271; 23.50440243; 24.11306508; 24.68093981; 25.3008335; 24.72838607; 25.61794904; 25.4474737; 27.39179599
16.83515191; 15.17803938; 14.99077939; 15.10451459; 14.46936128; 14.37379145; 13.39726055; 13.08730525; 12.50391883; 11.82635017; 11.36567834; 10.57655313; 10.0133424; 9.395669695; 8.80624617; 8.297191817; 7.809950925; 7.345900768; 6.891739534; 6.573557189; 6.08731987; 5.664876469; 5.351619049; 4.900617038; 4.593920665; 4.282619751; 3.947560051; 3.732473825; 3.485968645; 3.1837877; 2.976871183; 2.71317412; 2.472354687; 2.217715449; 1.966765464; 1.696071185; 1.432058712; 1.221489815; 1.01833395; 0.8840090447; 0.7182735158; 0.580422251; 0.4510623832; 0.3341312907; 0.2523623141; 0.1922778742; 0.1417745137; 0.1048925626; 0.07135019933; 0.06134894434; 0.05251222247; 0.04826957942; 0.06730158496; 0.08041279825; 0.1017040491; 0.1227261663; 0.1744859398; 0.2384241608; 0.2897069397; 0.3941311131; 0.4613694799; 0.5881545208; 0.7516606491; 0.9188219291; 1.114307484; 1.318005482; 1.582060749; 1.852125101; 2.196011482; 2.595018973; 2.996566426; 3.538433072; 4.050611936; 4.573450002; 5.229389116; 5.83109397; 6.465554839; 7.330603169; 8.104872626; 8.940457957; 9.712302597; 10.46345093; 11.24006317; 12.10611901; 12.88092088; 13.655106; 13.96600801; 14.85864516; 15.46797768; 16.03086853; 16.9418713; 17.25959822; 17.56148001; 18.07997393; 18.67184172; 19.28472893; 18.88636078; 19.4179037; 19.17541876; 21.59117347
11.83470226; 11.01252294; 10.07197276; 10.07936289; 10.03272721; 9.519476848; 9.215359819; 8.557084125; 8.082265585; 7.990123219; 7.556049418; 6.98338095; 6.455442951; 6.058595928; 5.642622797; 5.393796328; 4.959250178; 4.458835982; 4.328239993; 3.931330809; 3.639368869; 3.354348984; 3.077930496; 2.849799769; 2.516368849; 2.332552415; 2.091493545; 1.807826187; 1.634107821; 1.486365165; 1.320746128; 1.129565252; 0.9527961931; 0.8066525318; 0.6888223365; 0.5411355122; 0.4243387597; 0.3581997838; 0.2763416068; 0.1997511577; 0.1417951457; 0.1142916558; 0.07255556068; 0.04851238926; 0.03448105178; 0.02929580715; 0.01784643749; 0.01273292084; 0.01054696732; 0.004775907664; 0.004172449665; 0.005846778271; 0.01130109375; 0.0143579802; 0.02279739101; 0.03021195155; 0.047189228; 0.07064413695; 0.1051213007; 0.1266486173; 0.1646563858; 0.2276721794; 0.3088759908; 0.3600606188; 0.4744642239; 0.5766549235; 0.6934825506; 0.8529925908; 1.075322405; 1.269340429; 1.544964188; 1.844984854; 2.152662297; 2.525108944; 2.974148103; 3.381953577; 3.886981308; 4.351728422; 5.074696939; 5.614343128; 6.197733235; 6.655623029; 7.36962168; 7.895915948; 8.663652653; 9.405774124; 9.717675873; 10.16506977; 10.8212081; 11.3103008; 12.02100505; 11.87503404; 12.51761644; 12.94956613; 13.36235727; 13.55812296; 13.65622449; 13.72131352; 13.89803942; 15.93281041
6.113282324; 5.991491864; 5.737727474; 5.549271567; 5.523960942; 5.421974169; 5.112821782; 4.72438791; 4.718922117; 4.336642254; 4.184749604; 3.966824158; 3.665729516; 3.382674362; 3.00395234; 2.903201159; 2.629272976; 2.356268793; 2.129080989; 1.949832892; 1.751439332; 1.606400727; 1.426092076; 1.240340387; 1.052812417; 0.9292310772; 0.8130060885; 0.7092930133; 0.6303950308; 0.5043921371; 0.4059728472; 0.3365965159; 0.2693208625; 0.2011600036; 0.1621017609; 0.109387491; 0.07581940435; 0.06618139706; 0.04655897984; 0.03019699178; 0.0147235958; 0.0122457059; 0.00746301115; 0.005595936325; 0.003026667796; 0.001653631866; 0.001553330371; 6.917076584E-05; 8.647749905E-06; 4.664569181E-05; 0.0002287835538; 0.0002368335654; 0.0008962326738; 0.002335777891; 0.002969796666; 0.003069141256; 0.008611111019; 0.01635381708; 0.02561814314; 0.02558949825; 0.04532968591; 0.07311477472; 0.09333386139; 0.119395388; 0.1587037071; 0.199073377; 0.2805280379; 0.3606678495; 0.4525637578; 0.5439875892; 0.7050115038; 0.8330060649; 1.019513438; 1.238484147; 1.519371536; 1.726333475; 1.965681999; 2.364681534; 2.736789925; 3.106846487; 3.468977537; 3.868289393; 4.3774443; 4.740392897; 5.198331271; 5.748814931; 6.216277129; 6.409690531; 6.94871323; 7.460672914; 7.761231865; 8.014035005; 8.081416557; 8.42105346; 8.822580337; 9.049994902; 9.336772838; 9.325590664; 9.7962496; 10.04065419
2.56648992; 2.753914799; 2.400851821; 2.612239349; 2.520119273; 2.414530548; 2.311198372; 2.242479766; 2.191764887; 1.94321061; 1.847563659; 1.733582102; 1.586543408; 1.441718252; 1.296479276; 1.169584561; 1.060785232; 0.9342805828; 0.8433095339; 0.7148463248; 0.5712469833; 0.5195933994; 0.4703876479; 0.3597288884; 0.3227551355; 0.2557259755; 0.2044794623; 0.1663834478; 0.1351125494; 0.09989482084; 0.06436618593; 0.05244293687; 0.04279763485; 0.02315350584; 0.01696023372; 0.01247678161; 0.006929883288; 0.005154984867; 0.004227951474; 0.003708545605; 0.0009221578535; 0.000870728604; 9.051532376E-05; 0; 0.0001331617025; 3.93449252E-05; 0; 0; 0; 0; 0; 0; 0; 4.533645588E-05; 0.0001024689305; 7.568841146E-05; 0.001841699878; 0.001793860565; 0.0047399086; 0.004320622127; 0.01047577717; 0.01175719467; 0.01409339435; 0.02939814536; 0.03426235904; 0.05517976638; 0.08744412127; 0.1157464682; 0.1448118023; 0.1897164707; 0.258919578; 0.3243824724; 0.4010246902; 0.5337801743; 0.6119819017; 0.7451135101; 0.8961185185; 1.125301652; 1.261062466; 1.550060795; 1.750645149; 2.039854182; 2.296738525; 2.496269794; 2.87278987; 3.187444374; 3.598381324; 3.735700379; 3.981100706; 4.377414929; 4.64093867; 4.905759497; 4.946660744; 5.196646287; 5.531136223; 5.729054204; 5.554248581; 5.479251646; 6.044912563; 6.453368573
0.7230813579; 0.776561374; 0.8123291355; 0.7692432268; 0.8343447875; 0.7008885903; 0.6886025416; 0.6854108817; 0.6904190941; 0.6217828413; 0.5243082739; 0.5082163074; 0.4557744956; 0.4016691019; 0.3846926265; 0.335966095; 0.2853081139; 0.2282426781; 0.206229936; 0.1725749831; 0.1385463616; 0.1152355852; 0.0993180109; 0.07588080965; 0.06426194752; 0.04686455167; 0.02836993889; 0.02608385913; 0.01921446576; 0.01450193198; 0.007239252662; 0.003343033797; 0.002265756933; 0.002230348286; 0.0003412932521; 0.0002044723203; 0; 0.0005296632308; 0.0007355192507; 0; 0; 0; 0; 0; 0; 0; 0; 0; 0; 0; 0; 0; 0; 0; 0; 0; 0; 0; 0.0002458485574; 0.0007572506668; 0.001253018993; 0.001035458442; 0.001805458546; 0.004734480114; 0.007466466477; 0.008023380085; 0.015859436; 0.02283446008; 0.03621452478; 0.04857579196; 0.07282519598; 0.09997314957; 0.1148504061; 0.1686045064; 0.2028143792; 0.2569798378; 0.3381544969; 0.4459956704; 0.4698812071; 0.6276671535; 0.750656306; 0.8795798959; 1.006877664; 1.164349565; 1.296326896; 1.446256669; 1.67509997; 1.827147079; 1.965539506; 2.209082042; 2.429048195; 2.618937968; 2.891696059; 2.72483745; 3.005973542; 3.210061845; 3.213882298; 3.133534242; 2.859228904; 3.508152558
0.1677039267; 0.12450092; 0.1336511073; 0.1393275855; 0.1626557169; 0.1355097819; 0.09078293816; 0.1199872867; 0.149211278; 0.1280976959; 0.1098829257; 0.09910498185; 0.07649556508; 0.06340910149; 0.06979658649; 0.05655298968; 0.03656136175; 0.02907176313; 0.02349378342; 0.02307700878; 0.01775590727; 0.0212040315; 0.01310129291; 0.008013317283; 0.005455632859; 0.001857445936; 0.002091434318; 0.001478931834; 0.001788953061; 0.0009228654394; 0; 0; 0; 0; 0; 0; 0; 0.0001397675373; 0.0001675481995; 0; 0; 0; 0; 0; 0; 0; 0; 0; 0; 0; 0; 0; 0; 0; 0; 0; 0; 0; 0; 0; 0; 0.0003678662504; 0.0002631611855; 0.0008717735017; 0.0008276041047; 0.003290918735; 0.003381444724; 0.004619888802; 0.006447629072; 0.004896650001; 0.01160421502; 0.01738593104; 0.02741850904; 0.03364904369; 0.04103649299; 0.0717884291; 0.09104819; 0.1193193446; 0.1437678446; 0.1718662711; 0.2269045302; 0.3008605598; 0.3771692552; 0.464323232; 0.4927896035; 0.5778450119; 0.6347046174; 0.7458734354; 0.8317774846; 0.876034505; 1.082955264; 1.130084748; 1.33340455; 1.225646488; 1.310851103; 1.405742578; 1.629239602; 1.545348424; 1.456621722; 1.402457737
0.009343791221; 0.01754285826; 0.02163722667; 0.01481500626; 0.01818921441; 0.01259743866; 0.01322688865; 0.01807253237; 0.01401177238; 0.01806244121; 0.01703085215; 0.01098082533; 0.00855483687; 0.003288920145; 0.002549501425; 0.003968588297; 0.00389495958; 0.001493336799; 0.0002570964388; 9.943434176E-05; 0.0002245873373; 0.0004357205921; 0.0003375639525; 6.759101016E-05; 0; 0; 0; 0; 1.256213335E-05; 3.676910089E-05; 0; 0; 0; 0; 0; 0; 0; 0; 0; 0; 0; 0; 0; 0; 0; 0; 0; 0; 0; 0; 0; 0; 0; 0; 0; 0; 0; 0; 0; 0; 0; 0; 0; 7.91375864E-05; 3.168119105E-05; 9.839787501E-05; 7.73022577E-05; 9.660219364E-05; 1.470567947E-05; 0.0003056942119; 0.001978994515; 0.001505963573; 0.002804062172; 0.003783253548; 0.005258528924; 0.01145918545; 0.01259697656; 0.02269818435; 0.03082199601; 0.04543052158; 0.05888742622; 0.07474148045; 0.1003963698; 0.1409793833; 0.1410278992; 0.1785686034; 0.2190521144; 0.2223281797; 0.2812330604; 0.3551677308; 0.4039418081; 0.4384552411; 0.4487753454; 0.4703075629; 0.5505432748; 0.4994659887; 0.5115955561; 0.59235763; 0.7295594611; 0.5880572574
0.0006974760927; 0.001876743359; 0.002992890175; 0; 0.0004883716073; 0.0030528433; 0.00179419341; 5.419673005E-05; 0.0006995020208; 0.001111622667; 0.0007214808915; 0; 0.0002764862119; 0.0001385843328; 0; 0; 0; 0; 0; 0; 0; 0; 0; 0; 0; 0; 0; 0; 0; 0; 0; 0; 0; 0; 0; 0; 0; 0; 0; 0; 0; 0; 0; 0; 0; 0; 0; 0; 0; 0; 0; 0; 0; 0; 0; 0; 0; 0; 0; 0; 0; 0; 0; 0; 0; 0; 0; 0; 0; 0; 0; 0.0005446449551; 0.0001849184046; 7.182333181E-06; 0.0007790838671; 0.001046635757; 0.0004128039434; 0.00230410263; 0.0075028427; 0.006904085661; 0.00985615052; 0.01037469616; 0.01245931177; 0.02206381624; 0.02901362844; 0.04285899265; 0.04762365964; 0.05980775805; 0.06399059281; 0.08857401409; 0.1003020766; 0.1042463809; 0.1202235394; 0.1163886936; 0.1564367593; 0.1768193162; 0.1325109747; 0.1631857153; 0.2343260334; 0.14779823
0; 0; 0; 0; 0; 0; 0; 0; 0; 0; 0; 0; 0; 0; 0; 0; 0; 0; 0; 0; 0; 0; 0; 0; 0; 0; 0; 0; 0; 0; 0; 0; 0; 0; 0; 0; 0; 0; 0; 0; 0; 0; 0; 0; 0; 0; 0; 0; 0; 0; 0; 0; 0; 0; 0; 0; 0; 0; 0; 0; 0; 0; 0; 0; 0; 0; 0; 0; 0; 0; 0; 0; 0; 0; 0; 0; 0; 9.796237379E-05; 0.001618459474; 0.0007908357378; 0.0006088971439; 0.0001639101344; 0.001218041713; 0.002961898614; 0.003915671175; 0.004623176155; 0.007126369218; 0.01198737282; 0.007751523574; 0.006866035478; 0.01516979136; 0.01233587692; 0.02010850334; 0.02293999453; 0.01932969023; 0.02664012464; 0.01981192868; 0.01930798004; 0.01715061671; 0.01436487488
0; 0; 0; 0; 0; 0; 0; 0; 0; 0; 0; 0; 0; 0; 0; 0; 0; 0; 0; 0; 0; 0; 0; 0; 0; 0; 0; 0; 0; 0; 0; 0; 0; 0; 0; 0; 0; 0; 0; 0; 0; 0; 0; 0; 0; 0; 0; 0; 0; 0; 0; 0; 0; 0; 0; 0; 0; 0; 0; 0; 0; 0; 0; 0; 0; 0; 0; 0; 0; 0; 0; 0; 0; 0; 0; 0; 0; 0; 0; 0; 0; 0; 0.0001153638537; 4.522804916E-05; 0; 0; 0.0005349102022; 0.0008082404672; 3.252325953E-06; 0.002039267346; 0.0004829240197; 0.0002790207305; 0.0008378722589; 0; 0.0001071839432; 0.004490569143; 0.004961502124; 0; 0; 0
0; 0; 0; 0; 0; 0; 0; 0; 0; 0; 0; 0; 0; 0; 0; 0; 0; 0; 0; 0; 0; 0; 0; 0; 0; 0; 0; 0; 0; 0; 0; 0; 0; 0; 0; 0; 0; 0; 0; 0; 0; 0; 0; 0; 0; 0; 0; 0; 0; 0; 0; 0; 0; 0; 0; 0; 0; 0; 0; 0; 0; 0; 0; 0; 0; 0; 0; 0; 0; 0; 0; 0; 0; 0; 0; 0; 0; 0; 0; 0; 0; 0; 0; 0; 0; 0; 0; 0; 0; 0; 0; 0; 0; 0; 0; 0; 0; 0; 0; 0
0; 0; 0; 0; 0; 0; 0; 0; 0; 0; 0; 0; 0; 0; 0; 0; 0; 0; 0; 0; 0; 0; 0; 0; 0; 0; 0; 0; 0; 0; 0; 0; 0; 0; 0; 0; 0; 0; 0; 0; 0; 0; 0; 0; 0; 0; 0; 0; 0; 0; 0; 0; 0; 0; 0; 0; 0; 0; 0; 0; 0; 0; 0; 0; 0; 0; 0; 0; 0; 0; 0; 0; 0; 0; 0; 0; 0; 0; 0; 0; 0; 0; 0; 0; 0; 0; 0; 0; 0; 0; 0; 0; 0; 0; 0; 0; 0; 0; 0; 0
0; 0; 0; 0; 0; 0; 0; 0; 0; 0; 0; 0; 0; 0; 0; 0; 0; 0; 0; 0; 0; 0; 0; 0; 0; 0; 0; 0; 0; 0; 0; 0; 0; 0; 0; 0; 0; 0; 0; 0; 0; 0; 0; 0; 0; 0; 0; 0; 0; 0; 0; 0; 0; 0; 0; 0; 0; 0; 0; 0; 0; 0; 0; 0; 0; 0; 0; 0; 0; 0; 0; 0; 0; 0; 0; 0; 0; 0; 0; 0; 0; 0; 0; 0; 0; 0; 0; 0; 0; 0; 0; 0; 0; 0; 0; 0; 0; 0; 0; 0
0; 0; 0; 0; 0; 0; 0; 0; 0; 0; 0; 0; 0; 0; 0; 0; 0; 0; 0; 0; 0; 0; 0; 0; 0; 0; 0; 0; 0; 0; 0; 0; 0; 0; 0; 0; 0; 0; 0; 0; 0; 0; 0; 0; 0; 0; 0; 0; 0; 0; 0; 0; 0; 0; 0; 0; 0; 0; 0; 0; 0; 0; 0; 0; 0; 0; 0; 0; 0; 0; 0; 0; 0; 0; 0; 0; 0; 0; 0; 0; 0; 0; 0; 0; 0; 0; 0; 0; 0; 0; 0; 0; 0; 0; 0; 0; 0; 0; 0; 0
0; 0; 0; 0; 0; 0; 0; 0; 0; 0; 0; 0; 0; 0; 0; 0; 0; 0; 0; 0; 0; 0; 0; 0; 0; 0; 0; 0; 0; 0; 0; 0; 0; 0; 0; 0; 0; 0; 0; 0; 0; 0; 0; 0; 0; 0; 0; 0; 0; 0; 0; 0; 0; 0; 0; 0; 0; 0; 0; 0; 0; 0; 0; 0; 0; 0; 0; 0; 0; 0; 0; 0; 0; 0; 0; 0; 0; 0; 0; 0; 0; 0; 0; 0; 0; 0; 0; 0; 0; 0; 0; 0; 0; 0; 0; 0; 0; 0; 0; 0
0; 0; 0; 0; 0; 0; 0; 0; 0; 0; 0; 0; 0; 0; 0; 0; 0; 0; 0; 0; 0; 0; 0; 0; 0; 0; 0; 0; 0; 0; 0; 0; 0; 0; 0; 0; 0; 0; 0; 0; 0; 0; 0; 0; 0; 0; 0; 0; 0; 0; 0; 0; 0; 0; 0; 0; 0; 0; 0; 0; 0; 0; 0; 0; 0; 0; 0; 0; 0; 0; 0; 0; 0; 0; 0; 0; 0; 0; 0; 0; 0; 0; 0; 0; 0; 0; 0; 0; 0; 0; 0; 0; 0; 0; 0; 0; 0; 0; 0; 0
0; 0; 0; 0; 0; 0; 0; 0; 0; 0; 0; 0; 0; 0; 0; 0; 0; 0; 0; 0; 0; 0; 0; 0; 0; 0; 0; 0; 0; 0; 0; 0; 0; 0; 0; 0; 0; 0; 0; 0; 0; 0; 0; 0; 0; 0; 0; 0; 0; 0; 0; 0; 0; 0; 0; 0; 0; 0; 0; 0; 0; 0; 0; 0; 0; 0; 0; 0; 0; 0; 0; 0; 0; 0; 0; 0; 0; 0; 0; 0; 0; 0; 0; 0; 0; 0; 0; 0; 0; 0; 0; 0; 0; 0; 0; 0; 0; 0; 0; 0
0; 0; 0; 0; 0; 0; 0; 0; 0; 0; 0; 0; 0; 0; 0; 0; 0; 0; 0; 0; 0; 0; 0; 0; 0; 0; 0; 0; 0; 0; 0; 0; 0; 0; 0; 0; 0; 0; 0; 0; 0; 0; 0; 0; 0; 0; 0; 0; 0; 0; 0; 0; 0; 0; 0; 0; 0; 0; 0; 0; 0; 0; 0; 0; 0; 0; 0; 0; 0; 0; 0; 0; 0; 0; 0; 0; 0; 0; 0; 0; 0; 0; 0; 0; 0; 0; 0; 0; 0; 0; 0; 0; 0; 0; 0; 0; 0; 0; 0; 0
0; 0; 0; 0; 0; 0; 0; 0; 0; 0; 0; 0; 0; 0; 0; 0; 0; 0; 0; 0; 0; 0; 0; 0; 0; 0; 0; 0; 0; 0; 0; 0; 0; 0; 0; 0; 0; 0; 0; 0; 0; 0; 0; 0; 0; 0; 0; 0; 0; 0; 0; 0; 0; 0; 0; 0; 0; 0; 0; 0; 0; 0; 0; 0; 0; 0; 0; 0; 0; 0; 0; 0; 0; 0; 0; 0; 0; 0; 0; 0; 0; 0; 0; 0; 0; 0; 0; 0; 0; 0; 0; 0; 0; 0; 0; 0; 0; 0; 0; 0
0; 0; 0; 0; 0; 0; 0; 0; 0; 0; 0; 0; 0; 0; 0; 0; 0; 0; 0; 0; 0; 0; 0; 0; 0; 0; 0; 0; 0; 0; 0; 0; 0; 0; 0; 0; 0; 0; 0; 0; 0; 0; 0; 0; 0; 0; 0; 0; 0; 0; 0; 0; 0; 0; 0; 0; 0; 0; 0; 0; 0; 0; 0; 0; 0; 0; 0; 0; 0; 0; 0; 0; 0; 0; 0; 0; 0; 0; 0; 0; 0; 0; 0; 0; 0; 0; 0; 0; 0; 0; 0; 0; 0; 0; 0; 0; 0; 0; 0; 0
0; 0; 0; 0; 0; 0; 0; 0; 0; 0; 0; 0; 0; 0; 0; 0; 0; 0; 0; 0; 0; 0; 0; 0; 0; 0; 0; 0; 0; 0; 0; 0; 0; 0; 0; 0; 0; 0; 0; 0; 0; 0; 0; 0; 0; 0; 0; 0; 0; 0; 0; 0; 0; 0; 0; 0; 0; 0; 0; 0; 0; 0; 0; 0; 0; 0; 0; 0; 0; 0; 0; 0; 0; 0; 0; 0; 0; 0; 0; 0; 0; 0; 0; 0; 0; 0; 0; 0; 0; 0; 0; 0; 0; 0; 0; 0; 0; 0; 0; 0
0; 0; 0; 0; 0; 0; 0; 0; 0; 0; 0; 0; 0; 0; 0; 0; 0; 0; 0; 0; 0; 0; 0; 0; 0; 0; 0; 0; 0; 0; 0; 0; 0; 0; 0; 0; 0; 0; 0; 0; 0; 0; 0; 0; 0; 0; 0; 0; 0; 0; 0; 0; 0; 0; 0; 0; 0; 0; 0; 0; 0; 0; 0; 0; 0; 0; 0; 0; 0; 0; 0; 0; 0; 0; 0; 0; 0; 0; 0; 0; 0; 0; 0; 0; 0; 0; 0; 0; 0; 0; 0; 0; 0; 0; 0; 0; 0; 0; 0; 0
0; 0; 0; 0; 0; 0; 0; 0; 0; 0; 0; 0; 0; 0; 0; 0; 0; 0; 0; 0; 0; 0; 0; 0; 0; 0; 0; 0; 0; 0; 0; 0; 0; 0; 0; 0; 0; 0; 0; 0; 0; 0; 0; 0; 0; 0; 0; 0; 0; 0; 0; 0; 0; 0; 0; 0; 0; 0; 0; 0; 0; 0; 0; 0; 0; 0; 0; 0; 0; 0; 0; 0; 0; 0; 0; 0; 0; 0; 0; 0; 0; 0; 0; 0; 0; 0; 0; 0; 0; 0; 0; 0; 0; 0; 0; 0; 0; 0; 0; 0
0; 0; 0; 0; 0; 0; 0; 0; 0; 0; 0; 0; 0; 0; 0; 0; 0; 0; 0; 0; 0; 0; 0; 0; 0; 0; 0; 0; 0; 0; 0; 0; 0; 0; 0; 0; 0; 0; 0; 0; 0; 0; 0; 0; 0; 0; 0; 0; 0; 0; 0; 0; 0; 0; 0; 0; 0; 0; 0; 0; 0; 0; 0; 0; 0; 0; 0; 0; 0; 0; 0; 0; 0; 0; 0; 0; 0; 0; 0; 0; 0; 0; 0; 0; 0; 0; 0; 0; 0; 0; 0; 0; 0; 0; 0; 0; 0; 0; 0; 0
0; 0; 0; 0; 0; 0; 0; 0; 0; 0; 0; 0; 0; 0; 0; 0; 0; 0; 0; 0; 0; 0; 0; 0; 0; 0; 0; 0; 0; 0; 0; 0; 0; 0; 0; 0; 0; 0; 0; 0; 0; 0; 0; 0; 0; 0; 0; 0; 0; 0; 0; 0; 0; 0; 0; 0; 0; 0; 0; 0; 0; 0; 0; 0; 0; 0; 0; 0; 0; 0; 0; 0; 0; 0; 0; 0; 0; 0; 0; 0; 0; 0; 0; 0; 0; 0; 0; 0; 0; 0; 0; 0; 0; 0; 0; 0; 0; 0; 0; 0
0; 0; 0; 0; 0; 0; 0; 0; 0; 0; 0; 0; 0; 0; 0; 0; 0; 0; 0; 0; 0; 0; 0; 0; 0; 0; 0; 0; 0; 0; 0; 0; 0; 0; 0; 0; 0; 0; 0; 0; 0; 0; 0; 0; 0; 0; 0; 0; 0; 0; 0; 0; 0; 0; 0; 0; 0; 0; 0; 0; 0; 0; 0; 0; 0; 0; 0; 0; 0; 0; 0; 0; 0; 0; 0; 0; 0; 0; 0; 0; 0; 0; 0; 0; 0; 0; 0; 0; 0; 0; 0; 0; 0; 0; 0; 0; 0; 0; 0; 0
0; 0; 0; 0; 0; 0; 0; 0; 0; 0; 0; 0; 0; 0; 0; 0; 0; 0; 0; 0; 0; 0; 0; 0; 0; 0; 0; 0; 0; 0; 0; 0; 0; 0; 0; 0; 0; 0; 0; 0; 0; 0; 0; 0; 0; 0; 0; 0; 0; 0; 0; 0; 0; 0; 0; 0; 0; 0; 0; 0; 0; 0; 0; 0; 0; 0; 0; 0; 0; 0; 0; 0; 0; 0; 0; 0; 0; 0; 0; 0; 0; 0; 0; 0; 0; 0; 0; 0; 0; 0; 0; 0; 0; 0; 0; 0; 0; 0; 0; 0
0; 0; 0; 0; 0; 0; 0; 0; 0; 0; 0; 0; 0; 0; 0; 0; 0; 0; 0; 0; 0; 0; 0; 0; 0; 0; 0; 0; 0; 0; 0; 0; 0; 0; 0; 0; 0; 0; 0; 0; 0; 0; 0; 0; 0; 0; 0; 0; 0; 0; 0; 0; 0; 0; 0; 0; 0; 0; 0; 0; 0; 0; 0; 0; 0; 0; 0; 0; 0; 0; 0; 0; 0; 0; 0; 0; 0; 0; 0; 0; 0; 0; 0; 0; 0; 0; 0; 0; 0; 0; 0; 0; 0; 0; 0; 0; 0; 0; 0; 0
0; 0; 0; 0; 0; 0; 0; 0; 0; 0; 0; 0; 0; 0; 0; 0; 0; 0; 0; 0; 0; 0; 0; 0; 0; 0; 0; 0; 0; 0; 0; 0; 0; 0; 0; 0; 0; 0; 0; 0; 0; 0; 0; 0; 0; 0; 0; 0; 0; 0; 0; 0; 0; 0; 0; 0; 0; 0; 0; 0; 0; 0; 0; 0; 0; 0; 0; 0; 0; 0; 0; 0; 0; 0; 0; 0; 0; 0; 0; 0; 0; 0; 0; 0; 0; 0; 0; 0; 0; 0; 0; 0; 0; 0; 0; 0; 0; 0; 0; 0
0; 0; 0; 0; 0; 0; 0; 0; 0; 0; 0; 0; 0; 0; 0; 0; 0; 0; 0; 0; 0; 0; 0; 0; 0; 0; 0; 0; 0; 0; 0; 0; 0; 0; 0; 0; 0; 0; 0; 0; 0; 0; 0; 0; 0; 0; 0; 0; 0; 0; 0; 0; 0; 0; 0; 0; 0; 0; 0; 0; 0; 0; 0; 0; 0; 0; 0; 0; 0; 0; 0; 0; 0; 0; 0; 0; 0; 0; 0; 0; 0; 0; 0; 0; 0; 0; 0; 0; 0; 0; 0; 0; 0; 0; 0; 0; 0; 0; 0; 0
0; 0; 0; 0; 0; 0; 0; 0; 0; 0; 0; 0; 0; 0; 0; 0; 0; 0; 0; 0; 0; 0; 0; 0; 0; 0; 0; 0; 0; 0; 0; 0; 0; 0; 0; 0; 0; 0; 0; 0; 0; 0; 0; 0; 0; 0; 0; 0; 0; 0; 0; 0; 0; 0; 0; 0; 0; 0; 0; 0; 0; 0; 0; 0; 0; 0; 0; 0; 0; 0; 0; 0; 0; 0; 0; 0; 0; 0; 0; 0; 0; 0; 0; 0; 0; 0; 0; 0; 0; 0; 0; 0; 0; 0; 0; 0; 0; 0; 0; 0
0; 0; 0; 0; 0; 0; 0; 0; 0; 0; 0; 0; 0; 0; 0; 0; 0; 0; 0; 0; 0; 0; 0; 0; 0; 0; 0; 0; 0; 0; 0; 0; 0; 0; 0; 0; 0; 0; 0; 0; 0; 0; 0; 0; 0; 0; 0; 0; 0; 0; 0; 0; 0; 0; 0; 0; 0; 0; 0; 0; 0; 0; 0; 0; 0; 0; 0; 0; 0; 0; 0; 0; 0; 0; 0; 0; 0; 0; 0; 0; 0; 0; 0; 0; 0; 0; 0; 0; 0; 0; 0; 0; 0; 0; 0; 0; 0; 0; 0; 0
0; 0; 0; 0; 0; 0; 0; 0; 0; 0; 0; 0; 0; 0; 0; 0; 0; 0; 0; 0; 0; 0; 0; 0; 0; 0; 0; 0; 0; 0; 0; 0; 0; 0; 0; 0; 0; 0; 0; 0; 0; 0; 0; 0; 0; 0; 0; 0; 0; 0; 0; 0; 0; 0; 0; 0; 0; 0; 0; 0; 0; 0; 0; 0; 0; 0; 0; 0; 0; 0; 0; 0; 0; 0; 0; 0; 0; 0; 0; 0; 0; 0; 0; 0; 0; 0; 0; 0; 0; 0; 0; 0; 0; 0; 0; 0; 0; 0; 0; 0
0; 0; 0; 0; 0; 0; 0; 0; 0; 0; 0; 0; 0; 0; 0; 0; 0; 0; 0; 0; 0; 0; 0; 0; 0; 0; 0; 0; 0; 0; 0; 0; 0; 0; 0; 0; 0; 0; 0; 0; 0; 0; 0; 0; 0; 0; 0; 0; 0; 0; 0; 0; 0; 0; 0; 0; 0; 0; 0; 0; 0; 0; 0; 0; 0; 0; 0; 0; 0; 0; 0; 0; 0; 0; 0; 0; 0; 0; 0; 0; 0; 0; 0; 0; 0; 0; 0; 0; 0; 0; 0; 0; 0; 0; 0; 0; 0; 0; 0; 0
0; 0; 0; 0; 0; 0; 0; 0; 0; 0; 0; 0; 0; 0; 0; 0; 0; 0; 0; 0; 0; 0; 0; 0; 0; 0; 0; 0; 0; 0; 0; 0; 0; 0; 0; 0; 0; 0; 0; 0; 0; 0; 0; 0; 0; 0; 0; 0; 0; 0; 0; 0; 0; 0; 0; 0; 0; 0; 0; 0; 0; 0; 0; 0; 0; 0; 0; 0; 0; 0; 0; 0; 0; 0; 0; 0; 0; 0; 0; 0; 0; 0; 0; 0; 0; 0; 0; 0; 0; 0; 0; 0; 0; 0; 0; 0; 0; 0; 0; 0
0; 0; 0; 0; 0; 0; 0; 0; 0; 0; 0; 0; 0; 0; 0; 0; 0; 0; 0; 0; 0; 0; 0; 0; 0; 0; 0; 0; 0; 0; 0; 0; 0; 0; 0; 0; 0; 0; 0; 0; 0; 0; 0; 0; 0; 0; 0; 0; 0; 0; 0; 0; 0; 0; 0; 0; 0; 0; 0; 0; 0; 0; 0; 0; 0; 0; 0; 0; 0; 0; 0; 0; 0; 0; 0; 0; 0; 0; 0; 0; 0; 0; 0; 0; 0; 0; 0; 0; 0; 0; 0; 0; 0; 0; 0; 0; 0; 0; 0; 0
0; 0; 0; 0; 0; 0; 0; 0; 0; 0; 0; 0; 0; 0; 0; 0; 0; 0; 0; 0; 0; 0; 0; 0; 0; 0; 0; 0; 0; 0; 0; 0; 0; 0; 0; 0; 0; 0; 0; 0; 0; 0; 0; 0; 0; 0; 0; 0; 0; 0; 0; 0; 0; 0; 0; 0; 0; 0; 0; 0; 0; 0; 0; 0; 0; 0; 0; 0; 0; 0; 0; 0; 0; 0; 0; 0; 0; 0; 0; 0; 0; 0; 0; 0; 0; 0; 0; 0; 0; 0; 0; 0; 0; 0; 0; 0; 0; 0; 0; 0
0; 0; 0; 0; 0; 0; 0; 0; 0; 0; 0; 0; 0; 0; 0; 0; 0; 0; 0; 0; 0; 0; 0; 0; 0; 0; 0; 0; 0; 0; 0; 0; 0; 0; 0; 0; 0; 0; 0; 0; 0; 0; 0; 0; 0; 0; 0; 0; 0; 0; 0; 0; 0; 0; 0; 0; 0; 0; 0; 0; 0; 0; 0; 0; 0; 0; 0; 0; 0; 0; 0; 0; 0; 0; 0; 0; 0; 0; 0; 0; 0; 0; 0; 0; 0; 0; 0; 0; 0; 0; 0; 0; 0; 0; 0; 0; 0; 0; 0; 0
0; 0; 0; 0; 0; 0; 0; 0; 0; 0; 0; 0; 0; 0; 0; 0; 0; 0; 0; 0; 0; 0; 0; 0; 0; 0; 0; 0; 0; 0; 0; 0; 0; 0; 0; 0; 0; 0; 0; 0; 0; 0; 0; 0; 0; 0; 0; 0; 0; 0; 0; 0; 0; 0; 0; 0; 0; 0; 0; 0; 0; 0; 0; 0; 0; 0; 0; 0; 0; 0; 0; 0; 0; 0; 0; 0; 0; 0; 0; 0; 0; 0; 0; 0; 0; 0; 0; 0; 0; 0; 0; 0; 0; 0; 0; 0; 0; 0; 0; 0
0; 0; 0; 0; 0; 0; 0; 0; 0; 0; 0; 0; 0; 0; 0; 0; 0; 0; 0; 0; 0; 0; 0; 0; 0; 0; 0; 0; 0; 0; 0; 0; 0; 0; 0; 0; 0; 0; 0; 0; 0; 0; 0; 0; 0; 0; 0; 0; 0; 0; 0; 0; 0; 0; 0; 0; 0; 0; 0; 0; 0; 0; 0; 0; 0; 0; 0; 0; 0; 0; 0; 0; 0; 0; 0; 0; 0; 0; 0; 0; 0; 0; 0; 0; 0; 0; 0; 0; 0; 0; 0; 0; 0; 0; 0; 0; 0; 0; 0; 0
0; 0; 0; 0; 0; 0; 0; 0; 0; 0; 0; 0; 0; 0; 0; 0; 0; 0; 0; 0; 0; 0; 0; 0; 0; 0; 0; 0; 0; 0; 0; 0; 0; 0; 0; 0; 0; 0; 0; 0; 0; 0; 0; 0; 0; 0; 0; 0; 0; 0; 0; 0; 0; 0; 0; 0; 0; 0; 0; 0; 0; 0; 0; 0; 0; 0; 0; 0; 0; 0; 0; 0; 0; 0; 0; 0; 0; 0; 0; 0; 0; 0; 0; 0; 0; 0; 0; 0; 0; 0; 0; 0; 0; 0; 0; 0; 0; 0; 0; 0
0; 0; 0; 0; 0; 0; 0; 0; 0; 0; 0; 0; 0; 0; 0; 0; 0; 0; 0; 0; 0; 0; 0; 0; 0; 0; 0; 0; 0; 0; 0; 0; 0; 0; 0; 0; 0; 0; 0; 0; 0; 0; 0; 0; 0; 0; 0; 0; 0; 0; 0; 0; 0; 0; 0; 0; 0; 0; 0; 0; 0; 0; 0; 0; 0; 0; 0; 0; 0; 0; 0; 0; 0; 0; 0; 0; 0; 0; 0; 0; 0; 0; 0; 0; 0; 0; 0; 0; 0; 0; 0; 0; 0; 0; 0; 0; 0; 0; 0; 0
0; 0; 0; 0; 0; 0; 0; 0; 0; 0; 0; 0; 0; 0; 0; 0; 0; 0; 0; 0; 0; 0; 0; 0; 0; 0; 0; 0; 0; 0; 0; 0; 0; 0; 0; 0; 0; 0; 0; 0; 0; 0; 0; 0; 0; 0; 0; 0; 0; 0; 0; 0; 0; 0; 0; 0; 0; 0; 0; 0; 0; 0; 0; 0; 0; 0; 0; 0; 0; 0; 0; 0; 0; 0; 0; 0; 0; 0; 0; 0; 0; 0; 0; 0; 0; 0; 0; 0; 0; 0; 0; 0; 0; 0; 0; 0; 0; 0; 0; 0
0; 0; 0; 0; 0; 0; 0; 0; 0; 0; 0; 0; 0; 0; 0; 0; 0; 0; 0; 0; 0; 0; 0; 0; 0; 0; 0; 0; 0; 0; 0; 0; 0; 0; 0; 0; 0; 0; 0; 0; 0; 0; 0; 0; 0; 0; 0; 0; 0; 0; 0; 0; 0; 0; 0; 0; 0; 0; 0; 0; 0; 0; 0; 0; 0; 0; 0; 0; 0; 0; 0; 0; 0; 0; 0; 0; 0; 0; 0; 0; 0; 0; 0; 0; 0; 0; 0; 0; 0; 0; 0; 0; 0; 0; 0; 0; 0; 0; 0; 0
0; 0; 0; 0; 0; 0; 0; 0; 0; 0; 0; 0; 0; 0; 0; 0; 0; 0; 0; 0; 0; 0; 0; 0; 0; 0; 0; 0; 0; 0; 0; 0; 0; 0; 0; 0; 0; 0; 0; 0; 0; 0; 0; 0; 0; 0; 0; 0; 0; 0; 0; 0; 0; 0; 0; 0; 0; 0; 0; 0; 0; 0; 0; 0; 0; 0; 0; 0; 0; 0; 0; 0; 0; 0; 0; 0; 0; 0; 0; 0; 0; 0; 0; 0; 0; 0; 0; 0; 0; 0; 0; 0; 0; 0; 0; 0; 0; 0; 0; 0
0; 0; 0; 0; 0; 0; 0; 0; 0; 0; 0; 0; 0; 0; 0; 0; 0; 0; 0; 0; 0; 0; 0; 0; 0; 0; 0; 0; 0; 0; 0; 0; 0; 0; 0; 0; 0; 0; 0; 0; 0; 0; 0; 0; 0; 0; 0; 0; 0; 0; 0; 0; 0; 0; 0; 0; 0; 0; 0; 0; 0; 0; 0; 0; 0; 0; 0; 0; 0; 0; 0; 0; 0; 0; 0; 0; 0; 0; 0; 0; 0; 0; 0; 0; 0; 0; 0; 0; 0; 0; 0; 0; 0; 0; 0; 0; 0; 0; 0; 0
0; 0; 0; 0; 0; 0; 0; 0; 0; 0; 0; 0; 0; 0; 0; 0; 0; 0; 0; 0; 0; 0; 0; 0; 0; 0; 0; 0; 0; 0; 0; 0; 0; 0; 0; 0; 0; 0; 0; 0; 0; 0; 0; 0; 0; 0; 0; 0; 0; 0; 0; 0; 0; 0; 0; 0; 0; 0; 0; 0; 0; 0; 0; 0; 0; 0; 0; 0; 0; 0; 0; 0; 0; 0; 0; 0; 0; 0; 0; 0; 0; 0; 0; 0; 0; 0; 0; 0; 0; 0; 0; 0; 0; 0; 0; 0; 0; 0; 0; 0
0; 0; 0; 0; 0; 0; 0; 0; 0; 0; 0; 0; 0; 0; 0; 0; 0; 0; 0; 0; 0; 0; 0; 0; 0; 0; 0; 0; 0; 0; 0; 0; 0; 0; 0; 0; 0; 0; 0; 0; 0; 0; 0; 0; 0; 0; 0; 0; 0; 0; 0; 0; 0; 0; 0; 0; 0; 0; 0; 0; 0; 0; 0; 0; 0; 0; 0; 0; 0; 0; 0; 0; 0; 0; 0; 0; 0; 0; 0; 0; 0; 0; 0; 0; 0; 0; 0; 0; 0; 0; 0; 0; 0; 0; 0; 0; 0; 0; 0; 0
0; 0; 0; 0; 0; 0; 0; 0; 0; 0; 0; 0; 0; 0; 0; 0; 0; 0; 0; 0; 0; 0; 0; 0; 0; 0; 0; 0; 0; 0; 0; 0; 0; 0; 0; 0; 0; 0; 0; 0; 0; 0; 0; 0; 0; 0; 0; 0; 0; 0; 0; 0; 0; 0; 0; 0; 0; 0; 0; 0; 0; 0; 0; 0; 0; 0; 0; 0; 0; 0; 0; 0; 0; 0; 0; 0; 0; 0; 0; 0; 0; 0; 0; 0; 0; 0; 0; 0; 0; 0; 0; 0; 0; 0; 0; 0; 0; 0; 0; 0
0; 0; 0; 0; 0; 0; 0; 0; 0; 0; 0; 0; 0; 0; 0; 0; 0; 0; 0; 0; 0; 0; 0; 0; 0; 0; 0; 0; 0; 0; 0; 0; 0; 0; 0; 0; 0; 0; 0; 0; 0; 0; 0; 0; 0; 0; 0; 0; 0; 0; 0; 0; 0; 0; 0; 0; 0; 0; 0; 0; 0; 0; 0; 0; 0; 0; 0; 0; 0; 0; 0; 0; 0; 0; 0; 0; 0; 0; 0; 0; 0; 0; 0; 0; 0; 0; 0; 0; 0; 0; 0; 0; 0; 0; 0; 0; 0; 0; 0; 0
0; 0; 0; 0; 0; 0; 0; 0; 0; 0; 0; 0; 0; 0; 0; 0; 0; 0; 0; 0; 0; 0; 0; 0; 0; 0; 0; 0; 0; 0; 0; 0; 0; 0; 0; 0; 0; 0; 0; 0; 0; 0; 0; 0; 0; 0; 0; 0; 0; 0; 0; 0; 0; 0; 0; 0; 0; 0; 0; 0; 0; 0; 0; 0; 0; 0; 0; 0; 0; 0; 0; 0; 0; 0; 0; 0; 0; 0; 0; 0; 0; 0; 0; 0; 0; 0; 0; 0; 0; 0; 0; 0; 0; 0; 0; 0; 0; 0; 0; 0
0; 0; 0; 0; 0; 0; 0; 0; 0; 0; 0; 0; 0; 0; 0; 0; 0; 0; 0; 0; 0; 0; 0; 0; 0; 0; 0; 0; 0; 0; 0; 0; 0; 0; 0; 0; 0; 0; 0; 0; 0; 0; 0; 0; 0; 0; 0; 0; 0; 0; 0; 0; 0; 0; 0; 0; 0; 0; 0; 0; 0; 0; 0; 0; 0; 0; 0; 0; 0; 0; 0; 0; 0; 0; 0; 0; 0; 0; 0; 0; 0; 0; 0; 0; 0; 0; 0; 0; 0; 0; 0; 0; 0; 0; 0; 0; 0; 0; 0; 0
0; 0; 0; 0; 0; 0; 0; 0; 0; 0; 0; 0; 0; 0; 0; 0; 0; 0; 0; 0; 0; 0; 0; 0; 0; 0; 0; 0; 0; 0; 0; 0; 0; 0; 0; 0; 0; 0; 0; 0; 0; 0; 0; 0; 0; 0; 0; 0; 0; 0; 0; 0; 0; 0; 0; 0; 0; 0; 0; 0; 0; 0; 0; 0; 0; 0; 0; 0; 0; 0; 0; 0; 0; 0; 0; 0; 0; 0; 0; 0; 0; 0; 0; 0; 0; 0; 0; 0; 0; 0; 0; 0; 0; 0; 0; 0; 0; 0; 0; 0
0; 0; 0; 0; 0; 0; 0; 0; 0; 0; 0; 0; 0; 0; 0; 0; 0; 0; 0; 0; 0; 0; 0; 0; 0; 0; 0; 0; 0; 0; 0; 0; 0; 0; 0; 0; 0; 0; 0; 0; 0; 0; 0; 0; 0; 0; 0; 0; 0; 0; 0; 0; 0; 0; 0; 0; 0; 0; 0; 0; 0; 0; 0; 0; 0; 0; 0; 0; 0; 0; 0; 0; 0; 0; 0; 0; 0; 0; 0; 0; 0; 0; 0; 0; 0; 0; 0; 0; 0; 0; 0; 0; 0; 0; 0; 0; 0; 0; 0; 0
